item_id,category_name,category_code,spec_key_hash,hash_version,used_price,brand,official_size,material_main,season,length_type,total_length_cm,bust_width_cm,waist_width_cm
04_womens_clothing-demo-000000,04_womens_clothing,04,75f689a82cf637c3,v2,30000,메이썸,,,,,,,
04_womens_clothing-demo-000001,04_womens_clothing,04,1ab6f437cbae8c1f,v2,95000,Maje,,,,,,,
04_womens_clothing-demo-000002,04_womens_clothing,04,eaa3b524b5a498ff,v2,430000,준지,,,,,,,
04_womens_clothing-demo-000003,04_womens_clothing,04,1944ff7d0b621fd1,v2,630000,솔리드옴므,,,,,,,
04_womens_clothing-demo-000004,04_womens_clothing,04,c05b590e8f667682,v2,290000,생로랑 SAINT LAURENT,,,,,,,
04_womens_clothing-demo-000005,04_womens_clothing,04,eaa3b524b5a498ff,v2,430000,준지,,,,,,,
04_womens_clothing-demo-000006,04_womens_clothing,04,da053fba2577d5da,v2,450000,쎄모먼,,,,,,,
04_womens_clothing-demo-000007,04_womens_clothing,04,a0d40d804e15b7a2,v2,60000,유아부미,,,,,,,
04_womens_clothing-demo-000008,04_womens_clothing,04,4ed64e53d5313f3a,v2,4000,H&M,,,,,,,
04_womens_clothing-demo-000009,04_womens_clothing,04,31257c227efe1091,v2,95000,SJSJ,,,,,,,
04_womens_clothing-demo-000010,04_womens_clothing,04,bc2e03df924b7564,v2,80000,럭키슈에뜨,,,,,,,
04_womens_clothing-demo-000011,04_womens_clothing,04,08852690adee3193,v2,190000,이원재패션,,,,,,,
04_womens_clothing-demo-000012,04_womens_clothing,04,f230295af1efeb93,v2,120000,it MICHAA,,,,,,,
04_womens_clothing-demo-000013,04_womens_clothing,04,93fc3bdc3bdbd23b,v2,50000,미샤,,,,,,,
04_womens_clothing-demo-000014,04_womens_clothing,04,a0d40d804e15b7a2,v2,60000,유아부미,,,,,,,
04_womens_clothing-demo-000015,04_womens_clothing,04,e7d1113f6cbcc78d,v2,43000,ZARA,,,,,,,
04_womens_clothing-demo-000016,04_womens_clothing,04,5dbc9779b7b548f1,v2,75000,르베이지,,,,,,,
04_womens_clothing-demo-000017,04_womens_clothing,04,4feea01e8cf80763,v2,250000,산드로,,,,,,,
04_womens_clothing-demo-000018,04_womens_clothing,04,959f7b9d78ee595c,v2,35000,타하리,,,,,,,
04_womens_clothing-demo-000019,04_womens_clothing,04,0ecf05861042f123,v2,220000,유앤진,,,,,,,
04_womens_clothing-demo-000020,04_womens_clothing,04,bc2e03df924b7564,v2,80000,럭키슈에뜨,,,,,,,
04_womens_clothing-demo-000021,04_womens_clothing,04,f2b5b85a9ee059be,v2,15000,리미떼두두,,,,,,,
04_womens_clothing-demo-000022,04_womens_clothing,04,bc0c875ad5e9cd28,v2,900000,막스마라,,,,,,,
04_womens_clothing-demo-000023,04_womens_clothing,04,96ceff4ab8b67ea7,v2,11111,maje,,,,,,,
04_womens_clothing-demo-000024,04_womens_clothing,04,ef2db46bc2391868,v2,89000,쥬시쥬디,,,,,,,
04_womens_clothing-demo-000025,04_womens_clothing,04,4436f1fb311f6635,v2,120001,잇미샤,,,,,,,
04_womens_clothing-demo-000026,04_womens_clothing,04,906761d71a02966b,v2,15000,에고이스트,,,,,,,
04_womens_clothing-demo-000027,04_womens_clothing,04,bc2e03df924b7564,v2,80000,럭키슈에뜨,,,,,,,
04_womens_clothing-demo-000028,04_womens_clothing,04,bc2e03df924b7564,v2,80000,리본타이,,,,,,,
04_womens_clothing-demo-000029,04_womens_clothing,04,f230295af1efeb93,v2,120000,it MICHAA,,,,,,,
04_womens_clothing-demo-000030,04_womens_clothing,04,270d680cbac093ce,v2,290000,코젯,,,,,,,
04_womens_clothing-demo-000031,04_womens_clothing,04,a3cb05ce59c58fe9,v2,50000,언더아머,,,,,,,
04_womens_clothing-demo-000032,04_womens_clothing,04,363acbe3367e013b,v2,103000,치유의 옷장,,,,,,,
04_womens_clothing-demo-000033,04_womens_clothing,04,08852690adee3193,v2,190000,이원재패션,,,,,,,
04_womens_clothing-demo-000034,04_womens_clothing,04,ef2db46bc2391868,v2,75000,쥬시쥬디,,,,,,,
04_womens_clothing-demo-000035,04_womens_clothing,04,a0d40d804e15b7a2,v2,60000,유아부미,,,,,,,
04_womens_clothing-demo-000036,04_womens_clothing,04,7dd0ab051caaa62e,v2,48000,레니본(RENEEVON),,,,,,,
04_womens_clothing-demo-000037,04_womens_clothing,04,c05b590e8f667682,v2,290000,생로랑 SAINT LAURENT,,,,,,,
04_womens_clothing-demo-000038,04_womens_clothing,04,d2befe0c4c5ec8e6,v2,200000,aa스튜디오,,,,,,,
04_womens_clothing-demo-000039,04_womens_clothing,04,ab5cb18cc5b4adc1,v2,240000,YSL 생로랑 SAINT LAURENT,,,,,,,
04_womens_clothing-demo-000040,04_womens_clothing,04,e4b29ed53f6ee9cc,v2,90000,라코스테,,,,,,,
04_womens_clothing-demo-000041,04_womens_clothing,04,1fb48d40a25155ca,v2,165000,아비에무아,,,,,,,
04_womens_clothing-demo-000042,04_womens_clothing,04,77d006aed4e39446,v2,70000,레니본,,,,,,,
04_womens_clothing-demo-000043,04_womens_clothing,04,4feea01e8cf80763,v2,250000,산드로,,,,,,,
04_womens_clothing-demo-000044,04_womens_clothing,04,4867e4f264d2e02c,v2,34000,쥬시쥬디,,,,,,,
04_womens_clothing-demo-000045,04_womens_clothing,04,3803587d287f2707,v2,170000,유노이아,,,,,,,
04_womens_clothing-demo-000046,04_womens_clothing,04,3d440e1b82519739,v2,59000,LINE,,,,,,,
04_womens_clothing-demo-000047,04_womens_clothing,04,4f6f2a04011c0b1e,v2,50000,로엠,,,,,,,
04_womens_clothing-demo-000048,04_womens_clothing,04,4f6f2a04011c0b1e,v2,58000,로엠,,,,,,,
04_womens_clothing-demo-000049,04_womens_clothing,04,f25f3a7bdab84dc2,v2,15000,탑텐,,,,,,,
04_womens_clothing-demo-000050,04_womens_clothing,04,4feea01e8cf80763,v2,90871,산드로,,,,,,,
04_womens_clothing-demo-000051,04_womens_clothing,04,31257c227efe1091,v2,95000,SJSJ,,,,,,,
04_womens_clothing-demo-000052,04_womens_clothing,04,e7d1113f6cbcc78d,v2,43000,ZARA,,,,,,,
04_womens_clothing-demo-000053,04_womens_clothing,04,b883c7e21c25a412,v2,25000,h커넥트,,,,,,,
04_womens_clothing-demo-000054,04_womens_clothing,04,790177844aa538f1,v2,120000,바이씨니,,,,,,,
04_womens_clothing-demo-000055,04_womens_clothing,04,4a97a97fe0216351,v2,150000,디스커버리익스페디션,,,,,,,
04_womens_clothing-demo-000056,04_womens_clothing,04,7dd0ab051caaa62e,v2,48000,레니본(RENEEVON),,,,,,,
04_womens_clothing-demo-000057,04_womens_clothing,04,4a97a97fe0216351,v2,150000,디스커버리익스페디션,,,,,,,
04_womens_clothing-demo-000058,04_womens_clothing,04,12faf7d4ed06f42e,v2,259000,보브(VOV),,,,,,,
04_womens_clothing-demo-000059,04_womens_clothing,04,75f689a82cf637c3,v2,30000,메이썸,,,,,,,
04_womens_clothing-demo-000060,04_womens_clothing,04,a3cb05ce59c58fe9,v2,50000,언더아머,,,,,,,
04_womens_clothing-demo-000061,04_womens_clothing,04,08852690adee3193,v2,190000,이원재패션,,,,,,,
04_womens_clothing-demo-000062,04_womens_clothing,04,87c39970436e3cb7,v2,70000,플레이그라운드,,,,,,,
04_womens_clothing-demo-000063,04_womens_clothing,04,453a41efb3be7457,v2,39000,써스데이 아일랜드,,,,,,,
04_womens_clothing-demo-000064,04_womens_clothing,04,492ee46da0c85513,v2,80000,소미타,,,,,,,
04_womens_clothing-demo-000065,04_womens_clothing,04,01bf2e5ba4235415,v2,69000,듀엘,,,,,,,
04_womens_clothing-demo-000066,04_womens_clothing,04,978d2b668b8637e3,v2,170000,브라운야드,,,,,,,
04_womens_clothing-demo-000067,04_womens_clothing,04,8c036fd2d9ae8b79,v2,55000,노스페이스,,,,,,,
04_womens_clothing-demo-000068,04_womens_clothing,04,08b06835b9cc990d,v2,300000,메르비시앙,,,,,,,
04_womens_clothing-demo-000069,04_womens_clothing,04,027e3b18dc34b9a1,v2,145000,보브 (VOV),,,,,,,
04_womens_clothing-demo-000070,04_womens_clothing,04,c61ae1275b3e8a46,v2,350000,제이프레스,,,,,,,
04_womens_clothing-demo-000071,04_womens_clothing,04,e3f60613577f1444,v2,100000,위드아웃썸머,,,,,,,
04_womens_clothing-demo-000072,04_womens_clothing,04,d897ecea1f38bbce,v2,20000,꼼빠니아,,,,,,,
04_womens_clothing-demo-000073,04_womens_clothing,04,6721b29c4027c71e,v2,460000,Theory,,,,,,,
04_womens_clothing-demo-000074,04_womens_clothing,04,6721b29c4027c71e,v2,460000,Theory,,,,,,,
04_womens_clothing-demo-000075,04_womens_clothing,04,98be830cddf85a44,v2,39000,로엠,,,,,,,
04_womens_clothing-demo-000076,04_womens_clothing,04,93fc3bdc3bdbd23b,v2,50000,미샤,,,,,,,
04_womens_clothing-demo-000077,04_womens_clothing,04,4feea01e8cf80763,v2,237243,산드로,,,,,,,
04_womens_clothing-demo-000078,04_womens_clothing,04,4f6f2a04011c0b1e,v2,50000,로엠,,,,,,,
04_womens_clothing-demo-000079,04_womens_clothing,04,959f7b9d78ee595c,v2,35000,LINE,,,,,,,
04_womens_clothing-demo-000080,04_womens_clothing,04,f25f3a7bdab84dc2,v2,15000,탑텐,,,,,,,
04_womens_clothing-demo-000081,04_womens_clothing,04,0ecf05861042f123,v2,220000,유앤진,,,,,,,
04_womens_clothing-demo-000082,04_womens_clothing,04,eeb0ce479601a3e8,v2,25000,무누,,,,,,,
04_womens_clothing-demo-000083,04_womens_clothing,04,77d006aed4e39446,v2,70000,레니본,,,,,,,
04_womens_clothing-demo-000084,04_womens_clothing,04,bc0c875ad5e9cd28,v2,900000,막스마라,,,,,,,
04_womens_clothing-demo-000085,04_womens_clothing,04,b883c7e21c25a412,v2,25000,H커넥트,,,,,,,
04_womens_clothing-demo-000086,04_womens_clothing,04,017b2fc30a7d264c,v2,13000,클로비스,,,,,,,
04_womens_clothing-demo-000087,04_womens_clothing,04,027e3b18dc34b9a1,v2,145000,토리버치,,,,,,,
04_womens_clothing-demo-000088,04_womens_clothing,04,4436f1fb311f6635,v2,120000,잇미샤,,,,,,,
04_womens_clothing-demo-000089,04_womens_clothing,04,081081b77aa12939,v2,135000,폴로 랄프로렌,,,,,,,
04_womens_clothing-demo-000090,04_womens_clothing,04,a8ca74ada0bf08f1,v2,290000,르에떼,,,,,,,
04_womens_clothing-demo-000091,04_womens_clothing,04,b0216271e3defef6,v2,25000,시슬리,,,,,,,
04_womens_clothing-demo-000092,04_womens_clothing,04,4436f1fb311f6635,v2,120000,잇미샤,,,,,,,
04_womens_clothing-demo-000093,04_womens_clothing,04,5219d946f18354fb,v2,65000,막스마라 스튜디오,,,,,,,
04_womens_clothing-demo-000094,04_womens_clothing,04,b2a172b3c8adcb8c,v2,150000,아떼바네사브루노,,,,,,,
04_womens_clothing-demo-000095,04_womens_clothing,04,31257c227efe1091,v2,520000,미니봉봉,,,,,,,
04_womens_clothing-demo-000096,04_womens_clothing,04,31257c227efe1091,v2,30000,SJSJ,,,,,,,
04_womens_clothing-demo-000097,04_womens_clothing,04,b883c7e21c25a412,v2,11342,어뉴골프,,,,,,,
04_womens_clothing-demo-000098,04_womens_clothing,04,eaa3b524b5a498ff,v2,430000,준지,,,,,,,
04_womens_clothing-demo-000099,04_womens_clothing,04,982ab24b1efa741c,v2,60000,리본타이,,,,,,,
04_womens_clothing-demo-000100,04_womens_clothing,04,a8ca74ada0bf08f1,v2,290000,르에떼,,,,,,,
04_womens_clothing-demo-000101,04_womens_clothing,04,1e1d61d0cd765876,v2,28000,자라,,,,,,,
04_womens_clothing-demo-000102,04_womens_clothing,04,da053fba2577d5da,v2,450000,쎄모먼,,,,,,,
04_womens_clothing-demo-000103,04_womens_clothing,04,ed3cadbc6477f453,v2,27000,MAX&CO,,,,,,,
04_womens_clothing-demo-000104,04_womens_clothing,04,2d2fc0a61b345a9c,v2,210000,바이미나,,,,,,,
04_womens_clothing-demo-000105,04_womens_clothing,04,77d006aed4e39446,v2,70000,레니본,,,,,,,
04_womens_clothing-demo-000106,04_womens_clothing,04,6d532a5353e2804c,v2,15000,보보쇼즈,,,,,,,
04_womens_clothing-demo-000107,04_womens_clothing,04,d40fd2ac1c5e0e73,v2,78000,메르비시앙,,,,,,,
04_womens_clothing-demo-000108,04_womens_clothing,04,453a41efb3be7457,v2,39000,비꼴리끄,,,,,,,
04_womens_clothing-demo-000109,04_womens_clothing,04,31257c227efe1091,v2,95000,SJSJ,,,,,,,
04_womens_clothing-demo-000110,04_womens_clothing,04,1e1d61d0cd765876,v2,28000,자라,,,,,,,
04_womens_clothing-demo-000111,04_womens_clothing,04,340c8121a91860ff,v2,15000,아뜨랑스,,,,,,,
04_womens_clothing-demo-000112,04_womens_clothing,04,959f7b9d78ee595c,v2,35000,LINE,,,,,,,
04_womens_clothing-demo-000113,04_womens_clothing,04,39747190c31899b3,v2,750000,국제모피,,,,,,,
04_womens_clothing-demo-000114,04_womens_clothing,04,d40fd2ac1c5e0e73,v2,78000,메이윤,,,,,,,
04_womens_clothing-demo-000115,04_womens_clothing,04,31257c227efe1091,v2,30000,SJSJ,,,,,,,
04_womens_clothing-demo-000116,04_womens_clothing,04,b883c7e21c25a412,v2,16756,H커넥트,,,,,,,
04_womens_clothing-demo-000117,04_womens_clothing,04,027e3b18dc34b9a1,v2,145000,보브 (VOV),,,,,,,
04_womens_clothing-demo-000118,04_womens_clothing,04,081081b77aa12939,v2,135000,폴로 랄프로렌,,,,,,,
04_womens_clothing-demo-000119,04_womens_clothing,04,4feea01e8cf80763,v2,115319,산드로,,,,,,,
04_womens_clothing-demo-000120,04_womens_clothing,04,790177844aa538f1,v2,120000,바이씨니,,,,,,,
04_womens_clothing-demo-000121,04_womens_clothing,04,31257c227efe1091,v2,95000,SJSJ,,,,,,,
04_womens_clothing-demo-000122,04_womens_clothing,04,906761d71a02966b,v2,15000,에고이스트,,,,,,,
04_womens_clothing-demo-000123,04_womens_clothing,04,e3f60613577f1444,v2,100000,위드아웃썸머,,,,,,,
04_womens_clothing-demo-000124,04_womens_clothing,04,a91174cee3d28f9f,v2,1750000,오라리 Auralee,,,,,,,
04_womens_clothing-demo-000125,04_womens_clothing,04,6955a86ccdf3779f,v2,140000,라코스테,,,,,,,
04_womens_clothing-demo-000126,04_womens_clothing,04,80defc80da6a2a14,v2,100000,벨라,,,,,,,
04_womens_clothing-demo-000127,04_womens_clothing,04,1ed6f04224718e77,v2,25000,오즈세컨,,,,,,,
04_womens_clothing-demo-000128,04_womens_clothing,04,31257c227efe1091,v2,95000,R2W,,,,,,,
04_womens_clothing-demo-000129,04_womens_clothing,04,bf3d0c68f6a8f31d,v2,85000,MAX&CO,,,,,,,
04_womens_clothing-demo-000130,04_womens_clothing,04,273b6896d31c81ee,v2,505000,타임옴므,,,,,,,
04_womens_clothing-demo-000131,04_womens_clothing,04,bada9e4b39fa82c1,v2,10000,컬리수,,,,,,,
04_womens_clothing-demo-000132,04_womens_clothing,04,453a41efb3be7457,v2,39000,써스데이 아일랜드,,,,,,,
04_womens_clothing-demo-000133,04_womens_clothing,04,d40fd2ac1c5e0e73,v2,78000,메이윤,,,,,,,
04_womens_clothing-demo-000134,04_womens_clothing,04,b883c7e21c25a412,v2,25000,h커넥트,,,,,,,
04_womens_clothing-demo-000135,04_womens_clothing,04,39747190c31899b3,v2,750000,국제모피,,,,,,,
04_womens_clothing-demo-000136,04_womens_clothing,04,bc2e03df924b7564,v2,80000,럭키슈에뜨,,,,,,,
04_womens_clothing-demo-000137,04_womens_clothing,04,0d3650976c125ca5,v2,20000,프랭크썸,,,,,,,
04_womens_clothing-demo-000138,04_womens_clothing,04,d40fd2ac1c5e0e73,v2,60000,메이윤,,,,,,,
04_womens_clothing-demo-000139,04_womens_clothing,04,e31ea8829e8b9bbe,v2,40000,타임,,,,,,,
04_womens_clothing-demo-000140,04_womens_clothing,04,f065804292b90695,v2,150000,모한,,,,,,,
04_womens_clothing-demo-000141,04_womens_clothing,04,6955a86ccdf3779f,v2,140000,쥬크,,,,,,,
04_womens_clothing-demo-000142,04_womens_clothing,04,a0d40d804e15b7a2,v2,80000,유아부미,,,,,,,
04_womens_clothing-demo-000143,04_womens_clothing,04,93fc3bdc3bdbd23b,v2,50000,미샤,,,,,,,
04_womens_clothing-demo-000144,04_womens_clothing,04,44d0153b2fe1b189,v2,50000,미미스틱,,,,,,,
04_womens_clothing-demo-000145,04_womens_clothing,04,1ed6f04224718e77,v2,120000,오즈세컨,,,,,,,
04_womens_clothing-demo-000146,04_womens_clothing,04,081081b77aa12939,v2,135000,폴로 랄프로렌,,,,,,,
04_womens_clothing-demo-000147,04_womens_clothing,04,26924eb27d9869a6,v2,38000,메이비베이비,,,,,,,
04_womens_clothing-demo-000148,04_womens_clothing,04,1c539c1f3fd6255d,v2,85000,지컷,,,,,,,
04_womens_clothing-demo-000149,04_womens_clothing,04,6721b29c4027c71e,v2,460000,Theory,,,,,,,
04_womens_clothing-demo-000150,04_womens_clothing,04,d40fd2ac1c5e0e73,v2,78000,메이윤,,,,,,,
04_womens_clothing-demo-000151,04_womens_clothing,04,453a41efb3be7457,v2,39000,써스데이 아일랜드,,,,,,,
04_womens_clothing-demo-000152,04_womens_clothing,04,ef2db46bc2391868,v2,75000,Sandro,,,,,,,
04_womens_clothing-demo-000153,04_womens_clothing,04,fecf17840252f918,v2,450000,JINDO,,,,,,,
04_womens_clothing-demo-000154,04_womens_clothing,04,bc2e03df924b7564,v2,80000,럭키슈에뜨,,,,,,,
04_womens_clothing-demo-000155,04_womens_clothing,04,3803587d287f2707,v2,170000,유노이아,,,,,,,
04_womens_clothing-demo-000156,04_womens_clothing,04,1ed6f04224718e77,v2,120000,오즈세컨,,,,,,,
04_womens_clothing-demo-000157,04_womens_clothing,04,bc2e03df924b7564,v2,80001,플레이그라운드,,,,,,,
04_womens_clothing-demo-000158,04_womens_clothing,04,ed3cadbc6477f453,v2,27000,키이스,,,,,,,
04_womens_clothing-demo-000159,04_womens_clothing,04,be26e46034ec08bf,v2,500000,R2W,,,,,,,
04_womens_clothing-demo-000160,04_womens_clothing,04,df31dc7f827b29af,v2,45000,시슬리,,,,,,,
04_womens_clothing-demo-000161,04_womens_clothing,04,a3cb05ce59c58fe9,v2,50000,언더아머,,,,,,,
04_womens_clothing-demo-000162,04_womens_clothing,04,d897ecea1f38bbce,v2,20000,꼼빠니아,,,,,,,
04_womens_clothing-demo-000163,04_womens_clothing,04,b883c7e21c25a412,v2,19513,H커넥트,,,,,,,
04_womens_clothing-demo-000164,04_womens_clothing,04,6a40abd2d9b765b3,v2,50000,폴로,,,,,,,
04_womens_clothing-demo-000165,04_womens_clothing,04,07d8873f556891b8,v2,15000,리스트,,,,,,,
04_womens_clothing-demo-000166,04_womens_clothing,04,6d532a5353e2804c,v2,30000,보보쇼즈,,,,,,,
04_womens_clothing-demo-000167,04_womens_clothing,04,080bddfa303fb6ac,v2,40000,아이잗바바,,,,,,,
04_womens_clothing-demo-000168,04_womens_clothing,04,790177844aa538f1,v2,150000,바이씨니,,,,,,,
04_womens_clothing-demo-000169,04_womens_clothing,04,092a0bd94a9c6111,v2,60000,줄로그,,,,,,,
04_womens_clothing-demo-000170,04_womens_clothing,04,340c8121a91860ff,v2,15000,아뜨랑스,,,,,,,
04_womens_clothing-demo-000171,04_womens_clothing,04,1ab6f437cbae8c1f,v2,95000,Maje,,,,,,,
04_womens_clothing-demo-000172,04_womens_clothing,04,881082fa4980e682,v2,300000,11am,,,,,,,
04_womens_clothing-demo-000173,04_womens_clothing,04,bc2e03df924b7564,v2,80000,럭키슈에뜨,,,,,,,
04_womens_clothing-demo-000174,04_womens_clothing,04,169cf899b6b3aa19,v2,33000,유니클로,,,,,,,
04_womens_clothing-demo-000175,04_womens_clothing,04,be26e46034ec08bf,v2,1150000,R2W,,,,,,,
04_womens_clothing-demo-000176,04_womens_clothing,04,982ab24b1efa741c,v2,60000,리본타이,,,,,,,
04_womens_clothing-demo-000177,04_womens_clothing,04,790177844aa538f1,v2,150000,바이씨니,,,,,,,
04_womens_clothing-demo-000178,04_womens_clothing,04,309d50230a642b85,v2,80000,반원아틀리에,,,,,,,
04_womens_clothing-demo-000179,04_womens_clothing,04,5dbc9779b7b548f1,v2,75000,르베이지,,,,,,,
04_womens_clothing-demo-000180,04_womens_clothing,04,4f6f2a04011c0b1e,v2,50000,로엠,,,,,,,
04_womens_clothing-demo-000181,04_womens_clothing,04,26924eb27d9869a6,v2,38000,메이비베이비,,,,,,,
04_womens_clothing-demo-000182,04_womens_clothing,04,fecf17840252f918,v2,450000,JINDO,,,,,,,
04_womens_clothing-demo-000183,04_womens_clothing,04,5dbc9779b7b548f1,v2,75000,르베이지,,,,,,,
04_womens_clothing-demo-000184,04_womens_clothing,04,0c5c64084eac52e6,v2,109000,라밤바룸,,,,,,,
04_womens_clothing-demo-000185,04_womens_clothing,04,ed3cadbc6477f453,v2,27000,키이스,,,,,,,
04_womens_clothing-demo-000186,04_womens_clothing,04,363acbe3367e013b,v2,103000,치유의 옷장,,,,,,,
04_womens_clothing-demo-000187,04_womens_clothing,04,982ab24b1efa741c,v2,60000,리본타이,,,,,,,
04_womens_clothing-demo-000188,04_womens_clothing,04,ef2db46bc2391868,v2,59000,Theory,,,,,,,
04_womens_clothing-demo-000189,04_womens_clothing,04,982ab24b1efa741c,v2,60000,리본타이,,,,,,,
04_womens_clothing-demo-000190,04_womens_clothing,04,a4578bce57297ffa,v2,41000,탑걸,,,,,,,
04_womens_clothing-demo-000191,04_womens_clothing,04,87c39970436e3cb7,v2,70000,플레이그라운드,,,,,,,
04_womens_clothing-demo-000192,04_womens_clothing,04,c05b590e8f667682,v2,290000,유니클로,,,,,,,
04_womens_clothing-demo-000193,04_womens_clothing,04,4436f1fb311f6635,v2,120000,잇미샤,,,,,,,
04_womens_clothing-demo-000194,04_womens_clothing,04,5dbc9779b7b548f1,v2,75000,르베이지,,,,,,,
04_womens_clothing-demo-000195,04_womens_clothing,04,f2b5b85a9ee059be,v2,15000,리미떼두두,,,,,,,
04_womens_clothing-demo-000196,04_womens_clothing,04,98be830cddf85a44,v2,39000,써스데이아일랜드,,,,,,,
04_womens_clothing-demo-000197,04_womens_clothing,04,671ef273acc36223,v2,485000,브라운야드,,,,,,,
04_womens_clothing-demo-000198,04_womens_clothing,04,092a0bd94a9c6111,v2,60000,줄로그,,,,,,,
04_womens_clothing-demo-000199,04_womens_clothing,04,027e3b18dc34b9a1,v2,145000,레니본,,,,,,,
04_womens_clothing-demo-000200,04_womens_clothing,04,2d2fc0a61b345a9c,v2,180000,바이미나,,,,,,,
04_womens_clothing-demo-000201,04_womens_clothing,04,4436f1fb311f6635,v2,120000,잇미샤,,,,,,,
04_womens_clothing-demo-000202,04_womens_clothing,04,f065804292b90695,v2,150000,모한,,,,,,,
04_womens_clothing-demo-000203,04_womens_clothing,04,1e936b21ecca9696,v2,320000,프랭키 모렐로,,,,,,,
04_womens_clothing-demo-000204,04_womens_clothing,04,87c39970436e3cb7,v2,70000,플레이그라운드,,,,,,,
04_womens_clothing-demo-000205,04_womens_clothing,04,959f7b9d78ee595c,v2,35000,LINE,,,,,,,
04_womens_clothing-demo-000206,04_womens_clothing,04,027e3b18dc34b9a1,v2,145000,보브 (VOV),,,,,,,
04_womens_clothing-demo-000207,04_womens_clothing,04,1ed6f04224718e77,v2,120000,오즈세컨,,,,,,,
04_womens_clothing-demo-000208,04_womens_clothing,04,8b4e6c2f6c0944a8,v2,75000,SYSTEM,,,,,,,
04_womens_clothing-demo-000209,04_womens_clothing,04,31257c227efe1091,v2,30000,SJSJ,,,,,,,
04_womens_clothing-demo-000210,04_womens_clothing,04,c05b590e8f667682,v2,290000,생로랑 SAINT LAURENT,,,,,,,
04_womens_clothing-demo-000211,04_womens_clothing,04,6d532a5353e2804c,v2,15000,보보쇼즈,,,,,,,
04_womens_clothing-demo-000212,04_womens_clothing,04,44d0153b2fe1b189,v2,50000,미미스틱,,,,,,,
04_womens_clothing-demo-000213,04_womens_clothing,04,31257c227efe1091,v2,520000,SJSJ,,,,,,,
04_womens_clothing-demo-000214,04_womens_clothing,04,4436f1fb311f6635,v2,120000,잇미샤,,,,,,,
04_womens_clothing-demo-000215,04_womens_clothing,04,bc2d377811816154,v2,68000,마이클코어스,,,,,,,
04_womens_clothing-demo-000216,04_womens_clothing,04,4867e4f264d2e02c,v2,54000,스튜디오 톰보이,,,,,,,
04_womens_clothing-demo-000217,04_womens_clothing,04,34ed7bf388b922f1,v2,60000,코스,,,,,,,
04_womens_clothing-demo-000218,04_womens_clothing,04,b883c7e21c25a412,v2,22927,h커넥트,,,,,,,
04_womens_clothing-demo-000219,04_womens_clothing,04,3c3a9a7678a0324e,v2,65000,데코,,,,,,,
04_womens_clothing-demo-000220,04_womens_clothing,04,6a40abd2d9b765b3,v2,50000,폴로,,,,,,,
04_womens_clothing-demo-000221,04_womens_clothing,04,b2a172b3c8adcb8c,v2,150000,아떼바네사브루노,,,,,,,
04_womens_clothing-demo-000222,04_womens_clothing,04,4867e4f264d2e02c,v2,34000,스튜디오 톰보이,,,,,,,
04_womens_clothing-demo-000223,04_womens_clothing,04,a4578bce57297ffa,v2,41000,탑걸,,,,,,,
04_womens_clothing-demo-000224,04_womens_clothing,04,5219d946f18354fb,v2,65000,막스마라 스튜디오,,,,,,,
04_womens_clothing-demo-000225,04_womens_clothing,04,1ed6f04224718e77,v2,120000,오즈세컨,,,,,,,
04_womens_clothing-demo-000226,04_womens_clothing,04,e4b29ed53f6ee9cc,v2,90000,라코스테,,,,,,,
04_womens_clothing-demo-000227,04_womens_clothing,04,bc2e03df924b7564,v2,80001,럭키슈에뜨,,,,,,,
04_womens_clothing-demo-000228,04_womens_clothing,04,eeb0ce479601a3e8,v2,25000,무누,,,,,,,
04_womens_clothing-demo-000229,04_womens_clothing,04,b2a172b3c8adcb8c,v2,150000,아떼바네사브루노,,,,,,,
04_womens_clothing-demo-000230,04_womens_clothing,04,a4b280a6cd039bb4,v2,39000,스투시,,,,,,,
04_womens_clothing-demo-000231,04_womens_clothing,04,a91174cee3d28f9f,v2,1750000,오라리 Auralee,,,,,,,
04_womens_clothing-demo-000232,04_womens_clothing,04,c61ae1275b3e8a46,v2,350000,제이프레스,,,,,,,
04_womens_clothing-demo-000233,04_womens_clothing,04,3c3a9a7678a0324e,v2,65000,데코,,,,,,,
04_womens_clothing-demo-000234,04_womens_clothing,04,680d1b490e1e6db7,v2,30000,케네스레이디,,,,,,,
04_womens_clothing-demo-000235,04_womens_clothing,04,e4b29ed53f6ee9cc,v2,90000,라코스테,,,,,,,
04_womens_clothing-demo-000236,04_womens_clothing,04,b969a1b934dbf749,v2,95000,한섬 시스템,,,,,,,
04_womens_clothing-demo-000237,04_womens_clothing,04,10755fcb7a70265f,v2,80000,Sandro,,,,,,,
04_womens_clothing-demo-000238,04_womens_clothing,04,31257c227efe1091,v2,30000,SJSJ,,,,,,,
04_womens_clothing-demo-000239,04_womens_clothing,04,fd8a9efd78d4ffaa,v2,160000,Maje,,,,,,,
04_womens_clothing-demo-000240,04_womens_clothing,04,4feea01e8cf80763,v2,208670,산드로,,,,,,,
04_womens_clothing-demo-000241,04_womens_clothing,04,881082fa4980e682,v2,300000,11am,,,,,,,
04_womens_clothing-demo-000242,04_womens_clothing,04,b883c7e21c25a412,v2,12806,h커넥트,,,,,,,
04_womens_clothing-demo-000243,04_womens_clothing,04,93fc3bdc3bdbd23b,v2,50000,미샤,,,,,,,
04_womens_clothing-demo-000244,04_womens_clothing,04,d40fd2ac1c5e0e73,v2,60000,메르비시앙,,,,,,,
04_womens_clothing-demo-000245,04_womens_clothing,04,e6514b65fb0ad891,v2,7000,COCOBLIN,,,,,,,
04_womens_clothing-demo-000246,04_womens_clothing,04,25467bcd296a29e9,v2,100000,MINE,,,,,,,
04_womens_clothing-demo-000247,04_womens_clothing,04,b0216271e3defef6,v2,25000,ab.plus,,,,,,,
04_womens_clothing-demo-000248,04_womens_clothing,04,8002947e622888b7,v2,990000,스톤아일랜드,,,,,,,
04_womens_clothing-demo-000249,04_womens_clothing,04,d897ecea1f38bbce,v2,20000,꼼빠니아,,,,,,,
04_womens_clothing-demo-000250,04_womens_clothing,04,4436f1fb311f6635,v2,120000,잇미샤,,,,,,,
04_womens_clothing-demo-000251,04_womens_clothing,04,0ce8b57b0501610e,v2,270000,크리스찬 디올,,,,,,,
04_womens_clothing-demo-000252,04_womens_clothing,04,98be830cddf85a44,v2,39000,써스데이아일랜드,,,,,,,
04_womens_clothing-demo-000253,04_womens_clothing,04,a4b280a6cd039bb4,v2,140000,유메르,,,,,,,
04_womens_clothing-demo-000254,04_womens_clothing,04,8548e4d3b7e2dbb7,v2,85000,엠핀,,,,,,,
04_womens_clothing-demo-000255,04_womens_clothing,04,027e3b18dc34b9a1,v2,145000,보브 (VOV),,,,,,,
04_womens_clothing-demo-000256,04_womens_clothing,04,4436f1fb311f6635,v2,120000,잇미샤,,,,,,,
04_womens_clothing-demo-000257,04_womens_clothing,04,736878fe60d4bc03,v2,129000,마틴플랜,,,,,,,
04_womens_clothing-demo-000258,04_womens_clothing,04,e31ea8829e8b9bbe,v2,100000,시에,,,,,,,
04_womens_clothing-demo-000259,04_womens_clothing,04,77d006aed4e39446,v2,70000,maje,,,,,,,
04_womens_clothing-demo-000260,04_womens_clothing,04,736878fe60d4bc03,v2,129000,마틴플랜,,,,,,,
04_womens_clothing-demo-000261,04_womens_clothing,04,092a0bd94a9c6111,v2,60000,이원재패션,,,,,,,
04_womens_clothing-demo-000262,04_womens_clothing,04,1c539c1f3fd6255d,v2,85000,지컷,,,,,,,
04_womens_clothing-demo-000263,04_womens_clothing,04,ef2db46bc2391868,v2,89000,쥬시쥬디,,,,,,,
04_womens_clothing-demo-000264,04_womens_clothing,04,bc2e03df924b7564,v2,80000,럭키슈에뜨,,,,,,,
04_womens_clothing-demo-000265,04_womens_clothing,04,b8ed47e0061b0dcd,v2,300000,톰브라운,,,,,,,
04_womens_clothing-demo-000266,04_womens_clothing,04,2d2fc0a61b345a9c,v2,210000,바이미나,,,,,,,
04_womens_clothing-demo-000267,04_womens_clothing,04,6955a86ccdf3779f,v2,140000,쥬크,,,,,,,
04_womens_clothing-demo-000268,04_womens_clothing,04,982ab24b1efa741c,v2,60000,리본타이,,,,,,,
04_womens_clothing-demo-000269,04_womens_clothing,04,8a1f65ff0a529bca,v2,190000,시에,,,,,,,
04_womens_clothing-demo-000270,04_womens_clothing,04,a3cb05ce59c58fe9,v2,50000,언더아머,,,,,,,
04_womens_clothing-demo-000271,04_womens_clothing,04,027e3b18dc34b9a1,v2,145000,보브 (VOV),,,,,,,
04_womens_clothing-demo-000272,04_womens_clothing,04,0d3650976c125ca5,v2,20000,프랭크썸,,,,,,,
04_womens_clothing-demo-000273,04_womens_clothing,04,f5b35f8c931bcb3d,v2,50000,45번가,,,,,,,
04_womens_clothing-demo-000274,04_womens_clothing,04,eaa3b524b5a498ff,v2,430000,준지,,,,,,,
04_womens_clothing-demo-000275,04_womens_clothing,04,bada9e4b39fa82c1,v2,10000,컬리수,,,,,,,
04_womens_clothing-demo-000276,04_womens_clothing,04,0ce8b57b0501610e,v2,270000,JINDO,,,,,,,
04_womens_clothing-demo-000277,04_womens_clothing,04,169cf899b6b3aa19,v2,33000,유니클로,,,,,,,
04_womens_clothing-demo-000278,04_womens_clothing,04,a3cb05ce59c58fe9,v2,50000,언더아머,,,,,,,
04_womens_clothing-demo-000279,04_womens_clothing,04,d40fd2ac1c5e0e73,v2,78000,메이윤,,,,,,,
04_womens_clothing-demo-000280,04_womens_clothing,04,4cac9d762a51c6f7,v2,30000,세컨플로어,,,,,,,
04_womens_clothing-demo-000281,04_womens_clothing,04,10755fcb7a70265f,v2,80000,Sandro,,,,,,,
04_womens_clothing-demo-000282,04_womens_clothing,04,8a1f65ff0a529bca,v2,190000,시에,,,,,,,
04_womens_clothing-demo-000283,04_womens_clothing,04,77d006aed4e39446,v2,150000,레니본,,,,,,,
04_womens_clothing-demo-000284,04_womens_clothing,04,0ce8b57b0501610e,v2,270000,크리스찬 디올,,,,,,,
04_womens_clothing-demo-000285,04_womens_clothing,04,1c539c1f3fd6255d,v2,85000,지컷,,,,,,,
04_womens_clothing-demo-000286,04_womens_clothing,04,4f6f2a04011c0b1e,v2,50000,로엠,,,,,,,
04_womens_clothing-demo-000287,04_womens_clothing,04,790177844aa538f1,v2,120000,바이씨니,,,,,,,
04_womens_clothing-demo-000288,04_womens_clothing,04,1e936b21ecca9696,v2,320000,프랭키 모렐로,,,,,,,
04_womens_clothing-demo-000289,04_womens_clothing,04,ec5bb0af3e6f6ce5,v2,110000,엠핀,,,,,,,
04_womens_clothing-demo-000290,04_womens_clothing,04,8c036fd2d9ae8b79,v2,55000,노스페이스,,,,,,,
04_womens_clothing-demo-000291,04_womens_clothing,04,0ce8b57b0501610e,v2,270000,크리스찬 디올,,,,,,,
04_womens_clothing-demo-000292,04_womens_clothing,04,169cf899b6b3aa19,v2,33000,유니클로,,,,,,,
04_womens_clothing-demo-000293,04_womens_clothing,04,bc2d377811816154,v2,68000,마이클코어스,,,,,,,
04_womens_clothing-demo-000294,04_womens_clothing,04,2aea994de8b408db,v2,50000,미니멈,,,,,,,
04_womens_clothing-demo-000295,04_womens_clothing,04,3d440e1b82519739,v2,59000,Statement,,,,,,,
04_womens_clothing-demo-000296,04_womens_clothing,04,87c39970436e3cb7,v2,70000,플레이그라운드,,,,,,,
04_womens_clothing-demo-000297,04_womens_clothing,04,6c710fd223d8ecba,v2,280000,마틴플랜,,,,,,,
04_womens_clothing-demo-000298,04_womens_clothing,04,f2b5b85a9ee059be,v2,15000,리미떼두두,,,,,,,
04_womens_clothing-demo-000299,04_womens_clothing,04,3803587d287f2707,v2,170000,유노이아,,,,,,,
04_womens_clothing-demo-000300,04_womens_clothing,04,93fc3bdc3bdbd23b,v2,50000,미샤,,,,,,,
04_womens_clothing-demo-000301,04_womens_clothing,04,4f6f2a04011c0b1e,v2,50000,보보쇼즈,,,,,,,
04_womens_clothing-demo-000302,04_womens_clothing,04,309d50230a642b85,v2,80000,반원아틀리에,,,,,,,
04_womens_clothing-demo-000303,04_womens_clothing,04,ef2db46bc2391868,v2,89000,쥬시쥬디,,,,,,,
04_womens_clothing-demo-000304,04_womens_clothing,04,f25f3a7bdab84dc2,v2,15000,탑텐,,,,,,,
04_womens_clothing-demo-000305,04_womens_clothing,04,ab5cb18cc5b4adc1,v2,240000,타임,,,,,,,
04_womens_clothing-demo-000306,04_womens_clothing,04,c05b590e8f667682,v2,290000,생로랑 SAINT LAURENT,,,,,,,
04_womens_clothing-demo-000307,04_womens_clothing,04,6a40abd2d9b765b3,v2,50000,폴로,,,,,,,
04_womens_clothing-demo-000308,04_womens_clothing,04,b883c7e21c25a412,v2,25000,산드로,,,,,,,
04_womens_clothing-demo-000309,04_womens_clothing,04,736878fe60d4bc03,v2,129000,마틴플랜,,,,,,,
04_womens_clothing-demo-000310,04_womens_clothing,04,492ee46da0c85513,v2,80000,H커넥트,,,,,,,
04_womens_clothing-demo-000311,04_womens_clothing,04,982ab24b1efa741c,v2,60000,리본타이,,,,,,,
04_womens_clothing-demo-000312,04_womens_clothing,04,4436f1fb311f6635,v2,120001,잇미샤,,,,,,,
04_womens_clothing-demo-000313,04_womens_clothing,04,08852690adee3193,v2,190000,이원재패션,,,,,,,
04_womens_clothing-demo-000314,04_womens_clothing,04,12faf7d4ed06f42e,v2,259000,보브(VOV),,,,,,,
04_womens_clothing-demo-000315,04_womens_clothing,04,80defc80da6a2a14,v2,100000,꼼빠니아,,,,,,,
04_womens_clothing-demo-000316,04_womens_clothing,04,d2befe0c4c5ec8e6,v2,200000,aa스튜디오,,,,,,,
04_womens_clothing-demo-000317,04_womens_clothing,04,e31ea8829e8b9bbe,v2,100000,타임,,,,,,,
04_womens_clothing-demo-000318,04_womens_clothing,04,dd35d4364843de4d,v2,22000,진도 우바,,,,,,,
04_womens_clothing-demo-000319,04_womens_clothing,04,1437e5f1eeab025e,v2,290000,오르 orr,,,,,,,
04_womens_clothing-demo-000320,04_womens_clothing,04,eaa3b524b5a498ff,v2,430000,준지,,,,,,,
04_womens_clothing-demo-000321,04_womens_clothing,04,1ab6f437cbae8c1f,v2,95000,Maje,,,,,,,
04_womens_clothing-demo-000322,04_womens_clothing,04,671ef273acc36223,v2,485000,브라운야드,,,,,,,
04_womens_clothing-demo-000323,04_womens_clothing,04,1944ff7d0b621fd1,v2,630000,솔리드옴므,,,,,,,
04_womens_clothing-demo-000324,04_womens_clothing,04,77d006aed4e39446,v2,150000,레니본,,,,,,,
04_womens_clothing-demo-000325,04_womens_clothing,04,e3f60613577f1444,v2,100000,위드아웃썸머,,,,,,,
04_womens_clothing-demo-000326,04_womens_clothing,04,e3f60613577f1444,v2,100000,위드아웃썸머,,,,,,,
04_womens_clothing-demo-000327,04_womens_clothing,04,883cfab05e770c38,v2,560000,럭키슈에뜨,,,,,,,
04_womens_clothing-demo-000328,04_womens_clothing,04,4cac9d762a51c6f7,v2,30000,세컨플로어,,,,,,,
04_womens_clothing-demo-000329,04_womens_clothing,04,3c3a9a7678a0324e,v2,65000,데코,,,,,,,
04_womens_clothing-demo-000330,04_womens_clothing,04,1fb48d40a25155ca,v2,165000,아비에무아,,,,,,,
04_womens_clothing-demo-000331,04_womens_clothing,04,671ef273acc36223,v2,485000,브라운야드,,,,,,,
04_womens_clothing-demo-000332,04_womens_clothing,04,7adb5017b1629219,v2,150000,원피스,,,,,,,
04_womens_clothing-demo-000333,04_womens_clothing,04,31257c227efe1091,v2,95000,SJSJ,,,,,,,
04_womens_clothing-demo-000334,04_womens_clothing,04,ef2db46bc2391868,v2,59000,쥬시쥬디,,,,,,,
04_womens_clothing-demo-000335,04_womens_clothing,04,3d440e1b82519739,v2,59000,Statement,,,,,,,
04_womens_clothing-demo-000336,04_womens_clothing,04,10755fcb7a70265f,v2,80000,Sandro,,,,,,,
04_womens_clothing-demo-000337,04_womens_clothing,04,c61ae1275b3e8a46,v2,350000,제이프레스,,,,,,,
04_womens_clothing-demo-000338,04_womens_clothing,04,081081b77aa12939,v2,135000,폴로 랄프로렌,,,,,,,
04_womens_clothing-demo-000339,04_womens_clothing,04,5931e99250e8e860,v2,40000,쉬즈미스,,,,,,,
04_womens_clothing-demo-000340,04_womens_clothing,04,eaa3b524b5a498ff,v2,430000,준지,,,,,,,
04_womens_clothing-demo-000341,04_womens_clothing,04,8c036fd2d9ae8b79,v2,55000,노스페이스,,,,,,,
04_womens_clothing-demo-000342,04_womens_clothing,04,34a069d2a8d80c98,v2,80000,베르소,,,,,,,
04_womens_clothing-demo-000343,04_womens_clothing,04,1ab6f437cbae8c1f,v2,170000,Maje,,,,,,,
04_womens_clothing-demo-000344,04_womens_clothing,04,736878fe60d4bc03,v2,129000,마틴플랜,,,,,,,
04_womens_clothing-demo-000345,04_womens_clothing,04,ec5bb0af3e6f6ce5,v2,110000,어뉴골프,,,,,,,
04_womens_clothing-demo-000346,04_womens_clothing,04,34a069d2a8d80c98,v2,80000,라밤바룸,,,,,,,
04_womens_clothing-demo-000347,04_womens_clothing,04,959f7b9d78ee595c,v2,35000,LINE,,,,,,,
04_womens_clothing-demo-000348,04_womens_clothing,04,1944ff7d0b621fd1,v2,630000,솔리드옴므,,,,,,,
04_womens_clothing-demo-000349,04_womens_clothing,04,ab5cb18cc5b4adc1,v2,240000,YSL 생로랑 SAINT LAURENT,,,,,,,
04_womens_clothing-demo-000350,04_womens_clothing,04,c05b590e8f667682,v2,290000,생로랑 SAINT LAURENT,,,,,,,
04_womens_clothing-demo-000351,04_womens_clothing,04,e6514b65fb0ad891,v2,7000,COCOBLIN,,,,,,,
04_womens_clothing-demo-000352,04_womens_clothing,04,7adb5017b1629219,v2,150000,원피스,,,,,,,
04_womens_clothing-demo-000353,04_womens_clothing,04,ef2db46bc2391868,v2,75000,쥬시쥬디,,,,,,,
04_womens_clothing-demo-000354,04_womens_clothing,04,dd35d4364843de4d,v2,22000,진도 우바,,,,,,,
04_womens_clothing-demo-000355,04_womens_clothing,04,c05b590e8f667682,v2,290000,생로랑 SAINT LAURENT,,,,,,,
04_womens_clothing-demo-000356,04_womens_clothing,04,93fc3bdc3bdbd23b,v2,50000,미샤,,,,,,,
04_womens_clothing-demo-000357,04_womens_clothing,04,f230295af1efeb93,v2,120000,it MICHAA,,,,,,,
04_womens_clothing-demo-000358,04_womens_clothing,04,c61ae1275b3e8a46,v2,350000,제이프레스,,,,,,,
04_womens_clothing-demo-000359,04_womens_clothing,04,309d50230a642b85,v2,80000,반원아틀리에,,,,,,,
04_womens_clothing-demo-000360,04_womens_clothing,04,0ce8b57b0501610e,v2,270000,크리스찬 디올,,,,,,,
04_womens_clothing-demo-000361,04_womens_clothing,04,492ee46da0c85513,v2,80000,소미타,,,,,,,
04_womens_clothing-demo-000362,04_womens_clothing,04,4867e4f264d2e02c,v2,38000,스튜디오 톰보이,,,,,,,
04_womens_clothing-demo-000363,04_womens_clothing,04,8548e4d3b7e2dbb7,v2,85000,엠핀,,,,,,,
04_womens_clothing-demo-000364,04_womens_clothing,04,0c5c64084eac52e6,v2,109000,라밤바룸,,,,,,,
04_womens_clothing-demo-000365,04_womens_clothing,04,4436f1fb311f6635,v2,120001,잇미샤,,,,,,,
04_womens_clothing-demo-000366,04_womens_clothing,04,8c036fd2d9ae8b79,v2,55000,레니본,,,,,,,
04_womens_clothing-demo-000367,04_womens_clothing,04,87c39970436e3cb7,v2,70000,플레이그라운드,,,,,,,
04_womens_clothing-demo-000368,04_womens_clothing,04,39747190c31899b3,v2,750000,국제모피,,,,,,,
04_womens_clothing-demo-000369,04_womens_clothing,04,10755fcb7a70265f,v2,80000,Sandro,,,,,,,
04_womens_clothing-demo-000370,04_womens_clothing,04,eeb0ce479601a3e8,v2,25000,무누,,,,,,,
04_womens_clothing-demo-000371,04_womens_clothing,04,f230295af1efeb93,v2,120000,it MICHAA,,,,,,,
04_womens_clothing-demo-000372,04_womens_clothing,04,017b2fc30a7d264c,v2,13000,메이썸,,,,,,,
04_womens_clothing-demo-000373,04_womens_clothing,04,b969a1b934dbf749,v2,95000,한섬 시스템,,,,,,,
04_womens_clothing-demo-000374,04_womens_clothing,04,87c39970436e3cb7,v2,70000,플레이그라운드,,,,,,,
04_womens_clothing-demo-000375,04_womens_clothing,04,a4b280a6cd039bb4,v2,140000,유메르,,,,,,,
04_womens_clothing-demo-000376,04_womens_clothing,04,d40fd2ac1c5e0e73,v2,78000,메이윤,,,,,,,
04_womens_clothing-demo-000377,04_womens_clothing,04,363acbe3367e013b,v2,103000,치유의 옷장,,,,,,,
04_womens_clothing-demo-000378,04_womens_clothing,04,8b4e6c2f6c0944a8,v2,75000,SYSTEM,,,,,,,
04_womens_clothing-demo-000379,04_womens_clothing,04,bc2d377811816154,v2,68000,마이클코어스,,,,,,,
04_womens_clothing-demo-000380,04_womens_clothing,04,273b6896d31c81ee,v2,505000,타임옴므,,,,,,,
04_womens_clothing-demo-000381,04_womens_clothing,04,d40fd2ac1c5e0e73,v2,78000,메이윤,,,,,,,
04_womens_clothing-demo-000382,04_womens_clothing,04,80defc80da6a2a14,v2,100000,벨라,,,,,,,
04_womens_clothing-demo-000383,04_womens_clothing,04,4867e4f264d2e02c,v2,38000,스튜디오 톰보이,,,,,,,
04_womens_clothing-demo-000384,04_womens_clothing,04,39747190c31899b3,v2,750000,국제모피,,,,,,,
04_womens_clothing-demo-000385,04_womens_clothing,04,4feea01e8cf80763,v2,160444,산드로,,,,,,,
04_womens_clothing-demo-000386,04_womens_clothing,04,a8ca74ada0bf08f1,v2,290000,르에떼,,,,,,,
04_womens_clothing-demo-000387,04_womens_clothing,04,a0d40d804e15b7a2,v2,80000,it MICHAA,,,,,,,
04_womens_clothing-demo-000388,04_womens_clothing,04,b883c7e21c25a412,v2,25000,h커넥트,,,,,,,
04_womens_clothing-demo-000389,04_womens_clothing,04,340c8121a91860ff,v2,15000,아뜨랑스,,,,,,,
04_womens_clothing-demo-000390,04_womens_clothing,04,31257c227efe1091,v2,30000,SJSJ,,,,,,,
04_womens_clothing-demo-000391,04_womens_clothing,04,6d532a5353e2804c,v2,30000,보보쇼즈,,,,,,,
04_womens_clothing-demo-000392,04_womens_clothing,04,1ed6f04224718e77,v2,25000,오즈세컨,,,,,,,
04_womens_clothing-demo-000393,04_womens_clothing,04,c5d0f2eac8359a4f,v2,100000,BAU 브라이드앤유,,,,,,,
04_womens_clothing-demo-000394,04_womens_clothing,04,d9a4841b76eb9984,v2,60000,마시모두띠,,,,,,,
04_womens_clothing-demo-000395,04_womens_clothing,04,027e3b18dc34b9a1,v2,145000,보브 (VOV),,,,,,,
04_womens_clothing-demo-000396,04_womens_clothing,04,07d8873f556891b8,v2,15000,리스트,,,,,,,
04_womens_clothing-demo-000397,04_womens_clothing,04,be26e46034ec08bf,v2,1150000,R2W,,,,,,,
04_womens_clothing-demo-000398,04_womens_clothing,04,b969a1b934dbf749,v2,95000,한섬 시스템,,,,,,,
04_womens_clothing-demo-000399,04_womens_clothing,04,6a792ad2322f43da,v2,114000,스투시,,,,,,,
04_womens_clothing-demo-000400,04_womens_clothing,04,98be830cddf85a44,v2,89000,써스데이아일랜드,,,,,,,
04_womens_clothing-demo-000401,04_womens_clothing,04,df31dc7f827b29af,v2,45000,시슬리,,,,,,,
04_womens_clothing-demo-000402,04_womens_clothing,04,ef2db46bc2391868,v2,75000,쥬시쥬디,,,,,,,
04_womens_clothing-demo-000403,04_womens_clothing,04,a4578bce57297ffa,v2,41000,탑걸,,,,,,,
04_womens_clothing-demo-000404,04_womens_clothing,04,4867e4f264d2e02c,v2,38000,스튜디오 톰보이,,,,,,,
04_womens_clothing-demo-000405,04_womens_clothing,04,a3cb05ce59c58fe9,v2,50000,언더아머,,,,,,,
04_womens_clothing-demo-000406,04_womens_clothing,04,4a97a97fe0216351,v2,150000,디스커버리익스페디션,,,,,,,
04_womens_clothing-demo-000407,04_womens_clothing,04,e6514b65fb0ad891,v2,7000,COCOBLIN,,,,,,,
04_womens_clothing-demo-000408,04_womens_clothing,04,d2befe0c4c5ec8e6,v2,200000,aa스튜디오,,,,,,,
04_womens_clothing-demo-000409,04_womens_clothing,04,ef2db46bc2391868,v2,75000,쥬시쥬디,,,,,,,
04_womens_clothing-demo-000410,04_womens_clothing,04,4feea01e8cf80763,v2,120642,산드로,,,,,,,
04_womens_clothing-demo-000411,04_womens_clothing,04,4f6f2a04011c0b1e,v2,58000,로엠,,,,,,,
04_womens_clothing-demo-000412,04_womens_clothing,04,906761d71a02966b,v2,15000,에고이스트,,,,,,,
04_womens_clothing-demo-000413,04_womens_clothing,04,309d50230a642b85,v2,80000,반원아틀리에,,,,,,,
04_womens_clothing-demo-000414,04_womens_clothing,04,6d532a5353e2804c,v2,15000,보보쇼즈,,,,,,,
04_womens_clothing-demo-000415,04_womens_clothing,04,2d2fc0a61b345a9c,v2,180000,바이미나,,,,,,,
04_womens_clothing-demo-000416,04_womens_clothing,04,98be830cddf85a44,v2,39000,토리버치,,,,,,,
04_womens_clothing-demo-000417,04_womens_clothing,04,1ed6f04224718e77,v2,25000,보웬,,,,,,,
04_womens_clothing-demo-000418,04_womens_clothing,04,ed3cadbc6477f453,v2,27000,키이스,,,,,,,
04_womens_clothing-demo-000419,04_womens_clothing,04,b883c7e21c25a412,v2,25000,h커넥트,,,,,,,
04_womens_clothing-demo-000420,04_womens_clothing,04,bc2e03df924b7564,v2,80000,르에떼,,,,,,,
04_womens_clothing-demo-000421,04_womens_clothing,04,3803587d287f2707,v2,170000,유노이아,,,,,,,
04_womens_clothing-demo-000422,04_womens_clothing,04,8b4e6c2f6c0944a8,v2,75000,SYSTEM,,,,,,,
04_womens_clothing-demo-000423,04_womens_clothing,04,c61ae1275b3e8a46,v2,350000,언더아머,,,,,,,
04_womens_clothing-demo-000424,04_womens_clothing,04,ed3cadbc6477f453,v2,27000,준지,,,,,,,
04_womens_clothing-demo-000425,04_womens_clothing,04,f065804292b90695,v2,150000,모한,,,,,,,
04_womens_clothing-demo-000426,04_womens_clothing,04,f2b5b85a9ee059be,v2,15000,에잇세컨즈,,,,,,,
04_womens_clothing-demo-000427,04_womens_clothing,04,906761d71a02966b,v2,15000,에고이스트,,,,,,,
04_womens_clothing-demo-000428,04_womens_clothing,04,b969a1b934dbf749,v2,95000,한섬 시스템,,,,,,,
04_womens_clothing-demo-000429,04_womens_clothing,04,273b6896d31c81ee,v2,505000,타임옴므,,,,,,,
04_womens_clothing-demo-000430,04_womens_clothing,04,4feea01e8cf80763,v2,212760,산드로,,,,,,,
04_womens_clothing-demo-000431,04_womens_clothing,04,0d3650976c125ca5,v2,20000,프랭크썸,,,,,,,
04_womens_clothing-demo-000432,04_womens_clothing,04,492ee46da0c85513,v2,80000,소미타,,,,,,,
04_womens_clothing-demo-000433,04_womens_clothing,04,1944ff7d0b621fd1,v2,630000,솔리드옴므,,,,,,,
04_womens_clothing-demo-000434,04_womens_clothing,04,4436f1fb311f6635,v2,120001,미쏘,,,,,,,
04_womens_clothing-demo-000435,04_womens_clothing,04,680d1b490e1e6db7,v2,30000,케네스레이디,,,,,,,
04_womens_clothing-demo-000436,04_womens_clothing,04,8a1f65ff0a529bca,v2,190000,시에,,,,,,,
04_womens_clothing-demo-000437,04_womens_clothing,04,6721b29c4027c71e,v2,460000,Theory,,,,,,,
04_womens_clothing-demo-000438,04_womens_clothing,04,31257c227efe1091,v2,520000,SJSJ,,,,,,,
04_womens_clothing-demo-000439,04_womens_clothing,04,671ef273acc36223,v2,485000,브라운야드,,,,,,,
04_womens_clothing-demo-000440,04_womens_clothing,04,340c8121a91860ff,v2,15000,H&M,,,,,,,
04_womens_clothing-demo-000441,04_womens_clothing,04,1ed6f04224718e77,v2,120000,오즈세컨,,,,,,,
04_womens_clothing-demo-000442,04_womens_clothing,04,6a792ad2322f43da,v2,114000,스투시,,,,,,,
04_womens_clothing-demo-000443,04_womens_clothing,04,169cf899b6b3aa19,v2,33000,유니클로,,,,,,,
04_womens_clothing-demo-000444,04_womens_clothing,04,e31ea8829e8b9bbe,v2,100000,타임,,,,,,,
04_womens_clothing-demo-000445,04_womens_clothing,04,98be830cddf85a44,v2,39000,써스데이아일랜드,,,,,,,
04_womens_clothing-demo-000446,04_womens_clothing,04,d2befe0c4c5ec8e6,v2,200000,쥬시쥬디,,,,,,,
04_womens_clothing-demo-000447,04_womens_clothing,04,bc2e03df924b7564,v2,80000,럭키슈에뜨,,,,,,,
04_womens_clothing-demo-000448,04_womens_clothing,04,26924eb27d9869a6,v2,38000,메이비베이비,,,,,,,
04_womens_clothing-demo-000449,04_womens_clothing,04,31257c227efe1091,v2,520000,SJSJ,,,,,,,
04_womens_clothing-demo-000450,04_womens_clothing,04,d897ecea1f38bbce,v2,20000,꼼빠니아,,,,,,,
04_womens_clothing-demo-000451,04_womens_clothing,04,d40fd2ac1c5e0e73,v2,60000,메이윤,,,,,,,
04_womens_clothing-demo-000452,04_womens_clothing,04,b2a172b3c8adcb8c,v2,150000,아떼바네사브루노,,,,,,,
04_womens_clothing-demo-000453,04_womens_clothing,04,26924eb27d9869a6,v2,38000,메이비베이비,,,,,,,
04_womens_clothing-demo-000454,04_womens_clothing,04,8a1f65ff0a529bca,v2,190000,시에,,,,,,,
04_womens_clothing-demo-000455,04_womens_clothing,04,5276fa8c6e12e6e5,v2,125000,브룩스 브라더스,,,,,,,
04_womens_clothing-demo-000456,04_womens_clothing,04,4feea01e8cf80763,v2,250000,산드로,,,,,,,
04_womens_clothing-demo-000457,04_womens_clothing,04,4f6f2a04011c0b1e,v2,50000,로엠,,,,,,,
04_womens_clothing-demo-000458,04_womens_clothing,04,4436f1fb311f6635,v2,120000,잇미샤,,,,,,,
04_womens_clothing-demo-000459,04_womens_clothing,04,31257c227efe1091,v2,520000,SJSJ,,,,,,,
04_womens_clothing-demo-000460,04_womens_clothing,04,6721b29c4027c71e,v2,460000,꼼빠니아,,,,,,,
04_womens_clothing-demo-000461,04_womens_clothing,04,fd8a9efd78d4ffaa,v2,110000,시스템,,,,,,,
04_womens_clothing-demo-000462,04_womens_clothing,04,77d006aed4e39446,v2,70000,레니본,,,,,,,
04_womens_clothing-demo-000463,04_womens_clothing,04,f25f3a7bdab84dc2,v2,15000,탑텐,,,,,,,
04_womens_clothing-demo-000464,04_womens_clothing,04,34ed7bf388b922f1,v2,60000,코스,,,,,,,
04_womens_clothing-demo-000465,04_womens_clothing,04,4867e4f264d2e02c,v2,34000,스튜디오 톰보이,,,,,,,
04_womens_clothing-demo-000466,04_womens_clothing,04,bc2e03df924b7564,v2,80000,럭키슈에뜨,,,,,,,
04_womens_clothing-demo-000467,04_womens_clothing,04,4436f1fb311f6635,v2,120000,잇미샤,,,,,,,
04_womens_clothing-demo-000468,04_womens_clothing,04,081081b77aa12939,v2,135000,폴로 랄프로렌,,,,,,,
04_womens_clothing-demo-000469,04_womens_clothing,04,a4b280a6cd039bb4,v2,39000,유메르,,,,,,,
04_womens_clothing-demo-000470,04_womens_clothing,04,1ed6f04224718e77,v2,120000,오즈세컨,,,,,,,
04_womens_clothing-demo-000471,04_womens_clothing,04,b883c7e21c25a412,v2,17624,타임옴므,,,,,,,
04_womens_clothing-demo-000472,04_womens_clothing,04,4867e4f264d2e02c,v2,38000,스튜디오 톰보이,,,,,,,
04_womens_clothing-demo-000473,04_womens_clothing,04,3e77058a00c1e5cd,v2,60000,PEN,,,,,,,
04_womens_clothing-demo-000474,04_womens_clothing,04,4436f1fb311f6635,v2,120000,잇미샤,,,,,,,
04_womens_clothing-demo-000475,04_womens_clothing,04,b8ed47e0061b0dcd,v2,300000,톰브라운,,,,,,,
04_womens_clothing-demo-000476,04_womens_clothing,04,bc2e03df924b7564,v2,80001,럭키슈에뜨,,,,,,,
04_womens_clothing-demo-000477,04_womens_clothing,04,c61ae1275b3e8a46,v2,350000,제이프레스,,,,,,,
04_womens_clothing-demo-000478,04_womens_clothing,04,e3f60613577f1444,v2,100000,위드아웃썸머,,,,,,,
04_womens_clothing-demo-000479,04_womens_clothing,04,bc2e03df924b7564,v2,80000,럭키슈에뜨,,,,,,,
04_womens_clothing-demo-000480,04_womens_clothing,04,671ef273acc36223,v2,485000,브라운야드,,,,,,,
04_womens_clothing-demo-000481,04_womens_clothing,04,4867e4f264d2e02c,v2,54000,스튜디오 톰보이,,,,,,,
04_womens_clothing-demo-000482,04_womens_clothing,04,2aea994de8b408db,v2,50000,미니멈,,,,,,,
04_womens_clothing-demo-000483,04_womens_clothing,04,8548e4d3b7e2dbb7,v2,85000,엠핀,,,,,,,
04_womens_clothing-demo-000484,04_womens_clothing,04,ef2db46bc2391868,v2,59000,쥬시쥬디,,,,,,,
04_womens_clothing-demo-000485,04_womens_clothing,04,80defc80da6a2a14,v2,100000,벨라,,,,,,,
04_womens_clothing-demo-000486,04_womens_clothing,04,f2b5b85a9ee059be,v2,15000,리미떼두두,,,,,,,
04_womens_clothing-demo-000487,04_womens_clothing,04,31257c227efe1091,v2,95000,브룩스 브라더스,,,,,,,
04_womens_clothing-demo-000488,04_womens_clothing,04,08852690adee3193,v2,190000,이원재패션,,,,,,,
04_womens_clothing-demo-000489,04_womens_clothing,04,10755fcb7a70265f,v2,80000,Sandro,,,,,,,
04_womens_clothing-demo-000490,04_womens_clothing,04,0c5c64084eac52e6,v2,109000,잇미샤,,,,,,,
04_womens_clothing-demo-000491,04_womens_clothing,04,982ab24b1efa741c,v2,60000,리본타이,,,,,,,
04_womens_clothing-demo-000492,04_womens_clothing,04,3c3a9a7678a0324e,v2,65000,데코,,,,,,,
04_womens_clothing-demo-000493,04_womens_clothing,04,959f7b9d78ee595c,v2,35000,LINE,,,,,,,
04_womens_clothing-demo-000494,04_womens_clothing,04,5931e99250e8e860,v2,40000,쉬즈미스,,,,,,,
04_womens_clothing-demo-000495,04_womens_clothing,04,8237d03aeab36557,v2,40000,에잇세컨즈,,,,,,,
04_womens_clothing-demo-000496,04_womens_clothing,04,be26e46034ec08bf,v2,500000,R2W,,,,,,,
04_womens_clothing-demo-000497,04_womens_clothing,04,6a792ad2322f43da,v2,114000,스투시,,,,,,,
04_womens_clothing-demo-000498,04_womens_clothing,04,c05b590e8f667682,v2,290000,생로랑 SAINT LAURENT,,,,,,,
04_womens_clothing-demo-000499,04_womens_clothing,04,fd8a9efd78d4ffaa,v2,110000,시스템,,,,,,,
04_womens_clothing-demo-000500,04_womens_clothing,04,7adb5017b1629219,v2,150000,원피스,,,,,,,
04_womens_clothing-demo-000501,04_womens_clothing,04,8002947e622888b7,v2,990000,스톤아일랜드,,,,,,,
04_womens_clothing-demo-000502,04_womens_clothing,04,fd8a9efd78d4ffaa,v2,260000,h커넥트,,,,,,,
04_womens_clothing-demo-000503,04_womens_clothing,04,1ab6f437cbae8c1f,v2,95000,Maje,,,,,,,
04_womens_clothing-demo-000504,04_womens_clothing,04,881082fa4980e682,v2,300000,11am,,,,,,,
04_womens_clothing-demo-000505,04_womens_clothing,04,680d1b490e1e6db7,v2,30000,케네스레이디,,,,,,,
04_womens_clothing-demo-000506,04_womens_clothing,04,3c3a9a7678a0324e,v2,65000,데코,,,,,,,
04_womens_clothing-demo-000507,04_womens_clothing,04,1437e5f1eeab025e,v2,290000,오르 orr,,,,,,,
04_womens_clothing-demo-000508,04_womens_clothing,04,08b06835b9cc990d,v2,300000,메르비시앙,,,,,,,
04_womens_clothing-demo-000509,04_womens_clothing,04,790177844aa538f1,v2,120000,리본타이,,,,,,,
04_womens_clothing-demo-000510,04_womens_clothing,04,bc2e03df924b7564,v2,80000,럭키슈에뜨,,,,,,,
04_womens_clothing-demo-000511,04_womens_clothing,04,a4b280a6cd039bb4,v2,140000,유메르,,,,,,,
04_womens_clothing-demo-000512,04_womens_clothing,04,bc2e03df924b7564,v2,80000,럭키슈에뜨,,,,,,,
04_womens_clothing-demo-000513,04_womens_clothing,04,4feea01e8cf80763,v2,250000,산드로,,,,,,,
04_womens_clothing-demo-000514,04_womens_clothing,04,3d440e1b82519739,v2,59000,엠핀,,,,,,,
04_womens_clothing-demo-000515,04_womens_clothing,04,b969a1b934dbf749,v2,95000,한섬 시스템,,,,,,,
04_womens_clothing-demo-000516,04_womens_clothing,04,a4578bce57297ffa,v2,41000,탑걸,,,,,,,
04_womens_clothing-demo-000517,04_womens_clothing,04,b0216271e3defef6,v2,25000,ab.plus,,,,,,,
04_womens_clothing-demo-000518,04_womens_clothing,04,1c539c1f3fd6255d,v2,85000,지컷,,,,,,,
04_womens_clothing-demo-000519,04_womens_clothing,04,092a0bd94a9c6111,v2,60000,줄로그,,,,,,,
04_womens_clothing-demo-000520,04_womens_clothing,04,a4578bce57297ffa,v2,41000,탑걸,,,,,,,
04_womens_clothing-demo-000521,04_womens_clothing,04,169cf899b6b3aa19,v2,33000,유니클로,,,,,,,
04_womens_clothing-demo-000522,04_womens_clothing,04,b883c7e21c25a412,v2,20689,h커넥트,,,,,,,
04_womens_clothing-demo-000523,04_womens_clothing,04,309d50230a642b85,v2,80000,반원아틀리에,,,,,,,
04_womens_clothing-demo-000524,04_womens_clothing,04,4feea01e8cf80763,v2,217492,산드로,,,,,,,
04_womens_clothing-demo-000525,04_womens_clothing,04,bada9e4b39fa82c1,v2,10000,컬리수,,,,,,,
04_womens_clothing-demo-000526,04_womens_clothing,04,d9a4841b76eb9984,v2,60000,마시모두띠,,,,,,,
04_womens_clothing-demo-000527,04_womens_clothing,04,790177844aa538f1,v2,120000,바이씨니,,,,,,,
04_womens_clothing-demo-000528,04_womens_clothing,04,e3f60613577f1444,v2,100000,위드아웃썸머,,,,,,,
04_womens_clothing-demo-000529,04_womens_clothing,04,959f7b9d78ee595c,v2,35000,LINE,,,,,,,
04_womens_clothing-demo-000530,04_womens_clothing,04,e31ea8829e8b9bbe,v2,100000,타임,,,,,,,
04_womens_clothing-demo-000531,04_womens_clothing,04,081081b77aa12939,v2,135000,폴로 랄프로렌,,,,,,,
04_womens_clothing-demo-000532,04_womens_clothing,04,f5b35f8c931bcb3d,v2,50000,45번가,,,,,,,
04_womens_clothing-demo-000533,04_womens_clothing,04,b883c7e21c25a412,v2,11087,h커넥트,,,,,,,
04_womens_clothing-demo-000534,04_womens_clothing,04,4ed64e53d5313f3a,v2,4000,H&M,,,,,,,
04_womens_clothing-demo-000535,04_womens_clothing,04,982ab24b1efa741c,v2,60000,리본타이,,,,,,,
04_womens_clothing-demo-000536,04_womens_clothing,04,453a41efb3be7457,v2,39000,써스데이 아일랜드,,,,,,,
04_womens_clothing-demo-000537,04_womens_clothing,04,4feea01e8cf80763,v2,111576,산드로,,,,,,,
04_womens_clothing-demo-000538,04_womens_clothing,04,bc2d377811816154,v2,68000,마이클코어스,,,,,,,
04_womens_clothing-demo-000539,04_womens_clothing,04,bc2e03df924b7564,v2,80000,럭키슈에뜨,,,,,,,
04_womens_clothing-demo-000540,04_womens_clothing,04,e31ea8829e8b9bbe,v2,40000,타임,,,,,,,
04_womens_clothing-demo-000541,04_womens_clothing,04,982ab24b1efa741c,v2,60000,리본타이,,,,,,,
04_womens_clothing-demo-000542,04_womens_clothing,04,75f689a82cf637c3,v2,30000,메이비베이비,,,,,,,
04_womens_clothing-demo-000543,04_womens_clothing,04,ed3cadbc6477f453,v2,27000,키이스,,,,,,,
04_womens_clothing-demo-000544,04_womens_clothing,04,d9a4841b76eb9984,v2,60000,마시모두띠,,,,,,,
04_womens_clothing-demo-000545,04_womens_clothing,04,07d8873f556891b8,v2,15000,리스트,,,,,,,
04_womens_clothing-demo-000546,04_womens_clothing,04,790177844aa538f1,v2,120000,타임옴므,,,,,,,
04_womens_clothing-demo-000547,04_womens_clothing,04,4feea01e8cf80763,v2,96309,산드로,,,,,,,
04_womens_clothing-demo-000548,04_womens_clothing,04,8237d03aeab36557,v2,40000,에잇세컨즈,,,,,,,
04_womens_clothing-demo-000549,04_womens_clothing,04,b0216271e3defef6,v2,25000,ab.plus,,,,,,,
04_womens_clothing-demo-000550,04_womens_clothing,04,1437e5f1eeab025e,v2,290000,오르 orr,,,,,,,
04_womens_clothing-demo-000551,04_womens_clothing,04,01bf2e5ba4235415,v2,69000,듀엘,,,,,,,
04_womens_clothing-demo-000552,04_womens_clothing,04,10755fcb7a70265f,v2,80000,Sandro,,,,,,,
04_womens_clothing-demo-000553,04_womens_clothing,04,df31dc7f827b29af,v2,45000,시슬리,,,,,,,
04_womens_clothing-demo-000554,04_womens_clothing,04,790177844aa538f1,v2,120000,바이씨니,,,,,,,
04_womens_clothing-demo-000555,04_womens_clothing,04,4feea01e8cf80763,v2,207694,산드로,,,,,,,
04_womens_clothing-demo-000556,04_womens_clothing,04,77d006aed4e39446,v2,150000,레니본,,,,,,,
04_womens_clothing-demo-000557,04_womens_clothing,04,d40fd2ac1c5e0e73,v2,60000,MAX&CO,,,,,,,
04_womens_clothing-demo-000558,04_womens_clothing,04,881082fa4980e682,v2,300000,11am,,,,,,,
04_womens_clothing-demo-000559,04_womens_clothing,04,3e77058a00c1e5cd,v2,60000,PEN,,,,,,,
04_womens_clothing-demo-000560,04_womens_clothing,04,d40fd2ac1c5e0e73,v2,60000,메이윤,,,,,,,
04_womens_clothing-demo-000561,04_womens_clothing,04,906761d71a02966b,v2,15000,에고이스트,,,,,,,
04_womens_clothing-demo-000562,04_womens_clothing,04,80defc80da6a2a14,v2,100000,벨라,,,,,,,
04_womens_clothing-demo-000563,04_womens_clothing,04,c05b590e8f667682,v2,290000,생로랑 SAINT LAURENT,,,,,,,
04_womens_clothing-demo-000564,04_womens_clothing,04,96ceff4ab8b67ea7,v2,11111,미니봉봉,,,,,,,
04_womens_clothing-demo-000565,04_womens_clothing,04,883cfab05e770c38,v2,560000,보웬,,,,,,,
04_womens_clothing-demo-000566,04_womens_clothing,04,d40fd2ac1c5e0e73,v2,60000,메이윤,,,,,,,
04_womens_clothing-demo-000567,04_womens_clothing,04,1437e5f1eeab025e,v2,290000,오르 orr,,,,,,,
04_womens_clothing-demo-000568,04_womens_clothing,04,492ee46da0c85513,v2,80000,소미타,,,,,,,
04_womens_clothing-demo-000569,04_womens_clothing,04,4867e4f264d2e02c,v2,54000,스튜디오 톰보이,,,,,,,
04_womens_clothing-demo-000570,04_womens_clothing,04,1944ff7d0b621fd1,v2,630000,솔리드옴므,,,,,,,
04_womens_clothing-demo-000571,04_womens_clothing,04,6a792ad2322f43da,v2,114000,스투시,,,,,,,
04_womens_clothing-demo-000572,04_womens_clothing,04,340c8121a91860ff,v2,15000,아뜨랑스,,,,,,,
04_womens_clothing-demo-000573,04_womens_clothing,04,671ef273acc36223,v2,485000,브라운야드,,,,,,,
04_womens_clothing-demo-000574,04_womens_clothing,04,a0d40d804e15b7a2,v2,80000,유아부미,,,,,,,
04_womens_clothing-demo-000575,04_womens_clothing,04,a91174cee3d28f9f,v2,1750000,오라리 Auralee,,,,,,,
04_womens_clothing-demo-000576,04_womens_clothing,04,bc2e03df924b7564,v2,80000,럭키슈에뜨,,,,,,,
04_womens_clothing-demo-000577,04_womens_clothing,04,b8ed47e0061b0dcd,v2,300000,톰브라운,,,,,,,
04_womens_clothing-demo-000578,04_womens_clothing,04,da053fba2577d5da,v2,450000,쎄모먼,,,,,,,
04_womens_clothing-demo-000579,04_womens_clothing,04,31257c227efe1091,v2,30000,SJSJ,,,,,,,
04_womens_clothing-demo-000580,04_womens_clothing,04,26924eb27d9869a6,v2,38000,메이비베이비,,,,,,,
04_womens_clothing-demo-000581,04_womens_clothing,04,8c036fd2d9ae8b79,v2,55000,노스페이스,,,,,,,
04_womens_clothing-demo-000582,04_womens_clothing,04,978d2b668b8637e3,v2,170000,아크로,,,,,,,
04_womens_clothing-demo-000583,04_womens_clothing,04,b883c7e21c25a412,v2,25000,h커넥트,,,,,,,
04_womens_clothing-demo-000584,04_womens_clothing,04,eeb0ce479601a3e8,v2,25000,무누,,,,,,,
04_womens_clothing-demo-000585,04_womens_clothing,04,fd8a9efd78d4ffaa,v2,160000,시스템,,,,,,,
04_womens_clothing-demo-000586,04_womens_clothing,04,bc0c875ad5e9cd28,v2,900000,막스마라,,,,,,,
04_womens_clothing-demo-000587,04_womens_clothing,04,e31ea8829e8b9bbe,v2,100000,타임,,,,,,,
04_womens_clothing-demo-000588,04_womens_clothing,04,1944ff7d0b621fd1,v2,630000,솔리드옴므,,,,,,,
04_womens_clothing-demo-000589,04_womens_clothing,04,4feea01e8cf80763,v2,102580,산드로,,,,,,,
04_womens_clothing-demo-000590,04_womens_clothing,04,4feea01e8cf80763,v2,83158,산드로,,,,,,,
04_womens_clothing-demo-000591,04_womens_clothing,04,906761d71a02966b,v2,15000,에고이스트,,,,,,,
04_womens_clothing-demo-000592,04_womens_clothing,04,f230295af1efeb93,v2,120000,오르 orr,,,,,,,
04_womens_clothing-demo-000593,04_womens_clothing,04,5276fa8c6e12e6e5,v2,125000,브룩스 브라더스,,,,,,,
04_womens_clothing-demo-000594,04_womens_clothing,04,881082fa4980e682,v2,300000,11am,,,,,,,
04_womens_clothing-demo-000595,04_womens_clothing,04,e7d1113f6cbcc78d,v2,43000,ZARA,,,,,,,
04_womens_clothing-demo-000596,04_womens_clothing,04,e31ea8829e8b9bbe,v2,40000,타임,,,,,,,
04_womens_clothing-demo-000597,04_womens_clothing,04,31257c227efe1091,v2,30000,SJSJ,,,,,,,
04_womens_clothing-demo-000598,04_womens_clothing,04,34ed7bf388b922f1,v2,60000,코스,,,,,,,
04_womens_clothing-demo-000599,04_womens_clothing,04,b883c7e21c25a412,v2,11000,h커넥트,,,,,,,
04_womens_clothing-demo-000600,04_womens_clothing,04,736878fe60d4bc03,v2,129000,마틴플랜,,,,,,,
04_womens_clothing-demo-000601,04_womens_clothing,04,4feea01e8cf80763,v2,250000,산드로,,,,,,,
04_womens_clothing-demo-000602,04_womens_clothing,04,b883c7e21c25a412,v2,11149,h커넥트,,,,,,,
04_womens_clothing-demo-000603,04_womens_clothing,04,07d8873f556891b8,v2,15000,리스트,,,,,,,
04_womens_clothing-demo-000604,04_womens_clothing,04,5276fa8c6e12e6e5,v2,125000,브룩스 브라더스,,,,,,,
04_womens_clothing-demo-000605,04_womens_clothing,04,bada9e4b39fa82c1,v2,10000,컬리수,,,,,,,
04_womens_clothing-demo-000606,04_womens_clothing,04,0c5c64084eac52e6,v2,109000,라밤바룸,,,,,,,
04_womens_clothing-demo-000607,04_womens_clothing,04,b883c7e21c25a412,v2,25000,H커넥트,,,,,,,
04_womens_clothing-demo-000608,04_womens_clothing,04,2aea994de8b408db,v2,50000,미니멈,,,,,,,
04_womens_clothing-demo-000609,04_womens_clothing,04,26924eb27d9869a6,v2,38000,메이비베이비,,,,,,,
04_womens_clothing-demo-000610,04_womens_clothing,04,08b06835b9cc990d,v2,300000,메르비시앙,,,,,,,
04_womens_clothing-demo-000611,04_womens_clothing,04,8c036fd2d9ae8b79,v2,55000,노스페이스,,,,,,,
04_womens_clothing-demo-000612,04_womens_clothing,04,4867e4f264d2e02c,v2,38000,보보쇼즈,,,,,,,
04_womens_clothing-demo-000613,04_womens_clothing,04,7adb5017b1629219,v2,150000,원피스,,,,,,,
04_womens_clothing-demo-000614,04_womens_clothing,04,4867e4f264d2e02c,v2,38000,크리스찬 디올,,,,,,,
04_womens_clothing-demo-000615,04_womens_clothing,04,1944ff7d0b621fd1,v2,630000,솔리드옴므,,,,,,,
04_womens_clothing-demo-000616,04_womens_clothing,04,a91174cee3d28f9f,v2,1750000,오라리 Auralee,,,,,,,
04_womens_clothing-demo-000617,04_womens_clothing,04,df31dc7f827b29af,v2,45000,시슬리,,,,,,,
04_womens_clothing-demo-000618,04_womens_clothing,04,fecf17840252f918,v2,450000,JINDO,,,,,,,
04_womens_clothing-demo-000619,04_womens_clothing,04,bc0c875ad5e9cd28,v2,900000,막스마라,,,,,,,
04_womens_clothing-demo-000620,04_womens_clothing,04,e7d1113f6cbcc78d,v2,43000,ZARA,,,,,,,
04_womens_clothing-demo-000621,04_womens_clothing,04,906761d71a02966b,v2,15000,에고이스트,,,,,,,
04_womens_clothing-demo-000622,04_womens_clothing,04,bc2e03df924b7564,v2,80000,럭키슈에뜨,,,,,,,
04_womens_clothing-demo-000623,04_womens_clothing,04,906761d71a02966b,v2,15000,에고이스트,,,,,,,
04_womens_clothing-demo-000624,04_womens_clothing,04,270d680cbac093ce,v2,290000,코젯,,,,,,,
04_womens_clothing-demo-000625,04_womens_clothing,04,4feea01e8cf80763,v2,250000,산드로,,,,,,,
04_womens_clothing-demo-000626,04_womens_clothing,04,12faf7d4ed06f42e,v2,259000,보브(VOV),,,,,,,
04_womens_clothing-demo-000627,04_womens_clothing,04,eaa3b524b5a498ff,v2,430000,준지,,,,,,,
04_womens_clothing-demo-000628,04_womens_clothing,04,a91174cee3d28f9f,v2,1750000,미미스틱,,,,,,,
04_womens_clothing-demo-000629,04_womens_clothing,04,4f6f2a04011c0b1e,v2,58000,진도 우바,,,,,,,
04_womens_clothing-demo-000630,04_womens_clothing,04,2aea994de8b408db,v2,50000,미니멈,,,,,,,
04_womens_clothing-demo-000631,04_womens_clothing,04,1e1d61d0cd765876,v2,28000,자라,,,,,,,
04_womens_clothing-demo-000632,04_womens_clothing,04,a3cb05ce59c58fe9,v2,50000,언더아머,,,,,,,
04_womens_clothing-demo-000633,04_womens_clothing,04,ef2db46bc2391868,v2,75000,쥬시쥬디,,,,,,,
04_womens_clothing-demo-000634,04_womens_clothing,04,a4578bce57297ffa,v2,41000,탑걸,,,,,,,
04_womens_clothing-demo-000635,04_womens_clothing,04,eeb0ce479601a3e8,v2,25000,무누,,,,,,,
04_womens_clothing-demo-000636,04_womens_clothing,04,31257c227efe1091,v2,95000,SJSJ,,,,,,,
04_womens_clothing-demo-000637,04_womens_clothing,04,dd35d4364843de4d,v2,22000,진도 우바,,,,,,,
04_womens_clothing-demo-000638,04_womens_clothing,04,0ecf05861042f123,v2,220000,유앤진,,,,,,,
04_womens_clothing-demo-000639,04_womens_clothing,04,4feea01e8cf80763,v2,221518,산드로,,,,,,,
04_womens_clothing-demo-000640,04_womens_clothing,04,6721b29c4027c71e,v2,460000,Theory,,,,,,,
04_womens_clothing-demo-000641,04_womens_clothing,04,34a069d2a8d80c98,v2,80000,베르소,,,,,,,
04_womens_clothing-demo-000642,04_womens_clothing,04,4feea01e8cf80763,v2,150555,산드로,,,,,,,
04_womens_clothing-demo-000643,04_womens_clothing,04,2aea994de8b408db,v2,50000,미니멈,,,,,,,
04_womens_clothing-demo-000644,04_womens_clothing,04,39747190c31899b3,v2,750000,국제모피,,,,,,,
04_womens_clothing-demo-000645,04_womens_clothing,04,f2b5b85a9ee059be,v2,15000,리미떼두두,,,,,,,
04_womens_clothing-demo-000646,04_womens_clothing,04,4feea01e8cf80763,v2,250000,산드로,,,,,,,
04_womens_clothing-demo-000647,04_womens_clothing,04,7dd0ab051caaa62e,v2,48000,레니본(RENEEVON),,,,,,,
04_womens_clothing-demo-000648,04_womens_clothing,04,671ef273acc36223,v2,485000,타임옴므,,,,,,,
04_womens_clothing-demo-000649,04_womens_clothing,04,80defc80da6a2a14,v2,100000,벨라,,,,,,,
04_womens_clothing-demo-000650,04_womens_clothing,04,a0d40d804e15b7a2,v2,80000,유아부미,,,,,,,
04_womens_clothing-demo-000651,04_womens_clothing,04,75f689a82cf637c3,v2,30000,메이썸,,,,,,,
04_womens_clothing-demo-000652,04_womens_clothing,04,08852690adee3193,v2,190000,이원재패션,,,,,,,
04_womens_clothing-demo-000653,04_womens_clothing,04,be26e46034ec08bf,v2,500000,R2W,,,,,,,
04_womens_clothing-demo-000654,04_womens_clothing,04,e31ea8829e8b9bbe,v2,100000,타임,,,,,,,
04_womens_clothing-demo-000655,04_womens_clothing,04,883cfab05e770c38,v2,560000,보웬,,,,,,,
04_womens_clothing-demo-000656,04_womens_clothing,04,4436f1fb311f6635,v2,120000,잇미샤,,,,,,,
04_womens_clothing-demo-000657,04_womens_clothing,04,4feea01e8cf80763,v2,228391,산드로,,,,,,,
04_womens_clothing-demo-000658,04_womens_clothing,04,39747190c31899b3,v2,750000,듀엘,,,,,,,
04_womens_clothing-demo-000659,04_womens_clothing,04,d40fd2ac1c5e0e73,v2,60000,메이윤,,,,,,,
04_womens_clothing-demo-000660,04_womens_clothing,04,3e77058a00c1e5cd,v2,60000,PEN,,,,,,,
04_womens_clothing-demo-000661,04_womens_clothing,04,492ee46da0c85513,v2,80000,소미타,,,,,,,
04_womens_clothing-demo-000662,04_womens_clothing,04,10755fcb7a70265f,v2,80000,Sandro,,,,,,,
04_womens_clothing-demo-000663,04_womens_clothing,04,982ab24b1efa741c,v2,60000,리본타이,,,,,,,
04_womens_clothing-demo-000664,04_womens_clothing,04,bada9e4b39fa82c1,v2,10000,컬리수,,,,,,,
04_womens_clothing-demo-000665,04_womens_clothing,04,f230295af1efeb93,v2,120000,it MICHAA,,,,,,,
04_womens_clothing-demo-000666,04_womens_clothing,04,1ed6f04224718e77,v2,25000,오즈세컨,,,,,,,
04_womens_clothing-demo-000667,04_womens_clothing,04,4feea01e8cf80763,v2,212319,산드로,,,,,,,
04_womens_clothing-demo-000668,04_womens_clothing,04,453a41efb3be7457,v2,39000,써스데이 아일랜드,,,,,,,
04_womens_clothing-demo-000669,04_womens_clothing,04,736878fe60d4bc03,v2,129000,마틴플랜,,,,,,,
04_womens_clothing-demo-000670,04_womens_clothing,04,39747190c31899b3,v2,750000,국제모피,,,,,,,
04_womens_clothing-demo-000671,04_womens_clothing,04,c61ae1275b3e8a46,v2,350000,제이프레스,,,,,,,
04_womens_clothing-demo-000672,04_womens_clothing,04,4feea01e8cf80763,v2,143366,산드로,,,,,,,
04_womens_clothing-demo-000673,04_womens_clothing,04,1ab6f437cbae8c1f,v2,95000,maje,,,,,,,
04_womens_clothing-demo-000674,04_womens_clothing,04,982ab24b1efa741c,v2,60000,리본타이,,,,,,,
04_womens_clothing-demo-000675,04_womens_clothing,04,f230295af1efeb93,v2,120000,it MICHAA,,,,,,,
04_womens_clothing-demo-000676,04_womens_clothing,04,8a1f65ff0a529bca,v2,190000,시에,,,,,,,
04_womens_clothing-demo-000677,04_womens_clothing,04,5219d946f18354fb,v2,65000,막스마라 스튜디오,,,,,,,
04_womens_clothing-demo-000678,04_womens_clothing,04,790177844aa538f1,v2,120000,바이씨니,,,,,,,
04_womens_clothing-demo-000679,04_womens_clothing,04,1ab6f437cbae8c1f,v2,95000,Maje,,,,,,,
04_womens_clothing-demo-000680,04_womens_clothing,04,680d1b490e1e6db7,v2,30000,케네스레이디,,,,,,,
04_womens_clothing-demo-000681,04_womens_clothing,04,270d680cbac093ce,v2,290000,코젯,,,,,,,
04_womens_clothing-demo-000682,04_womens_clothing,04,a4b280a6cd039bb4,v2,140000,산드로,,,,,,,
04_womens_clothing-demo-000683,04_womens_clothing,04,080bddfa303fb6ac,v2,40000,아이잗바바,,,,,,,
04_womens_clothing-demo-000684,04_womens_clothing,04,87c39970436e3cb7,v2,70000,플레이그라운드,,,,,,,
04_womens_clothing-demo-000685,04_womens_clothing,04,4a97a97fe0216351,v2,150000,디스커버리익스페디션,,,,,,,
04_womens_clothing-demo-000686,04_womens_clothing,04,982ab24b1efa741c,v2,60000,리본타이,,,,,,,
04_womens_clothing-demo-000687,04_womens_clothing,04,b883c7e21c25a412,v2,21596,h커넥트,,,,,,,
04_womens_clothing-demo-000688,04_womens_clothing,04,34ed7bf388b922f1,v2,60000,코스,,,,,,,
04_womens_clothing-demo-000689,04_womens_clothing,04,f25f3a7bdab84dc2,v2,15000,데코,,,,,,,
04_womens_clothing-demo-000690,04_womens_clothing,04,eeb0ce479601a3e8,v2,25000,무누,,,,,,,
04_womens_clothing-demo-000691,04_womens_clothing,04,34ed7bf388b922f1,v2,60000,코스,,,,,,,
04_womens_clothing-demo-000692,04_womens_clothing,04,77d006aed4e39446,v2,150000,레니본,,,,,,,
04_womens_clothing-demo-000693,04_womens_clothing,04,4867e4f264d2e02c,v2,38000,YSL 생로랑 SAINT LAURENT,,,,,,,
04_womens_clothing-demo-000694,04_womens_clothing,04,b969a1b934dbf749,v2,95000,한섬 시스템,,,,,,,
04_womens_clothing-demo-000695,04_womens_clothing,04,a91174cee3d28f9f,v2,1750000,오라리 Auralee,,,,,,,
04_womens_clothing-demo-000696,04_womens_clothing,04,4feea01e8cf80763,v2,227934,산드로,,,,,,,
04_womens_clothing-demo-000697,04_womens_clothing,04,96ceff4ab8b67ea7,v2,11111,미니봉봉,,,,,,,
04_womens_clothing-demo-000698,04_womens_clothing,04,96ceff4ab8b67ea7,v2,11111,미니봉봉,,,,,,,
04_womens_clothing-demo-000699,04_womens_clothing,04,790177844aa538f1,v2,120000,바이씨니,,,,,,,
04_womens_clothing-demo-000700,04_womens_clothing,04,0ce8b57b0501610e,v2,270000,크리스찬 디올,,,,,,,
04_womens_clothing-demo-000701,04_womens_clothing,04,f2b5b85a9ee059be,v2,15000,코스,,,,,,,
04_womens_clothing-demo-000702,04_womens_clothing,04,2f8de692287dc634,v2,39900,주크 ZOOC,,,,,,,
04_womens_clothing-demo-000703,04_womens_clothing,04,b883c7e21c25a412,v2,23326,h커넥트,,,,,,,
04_womens_clothing-demo-000704,04_womens_clothing,04,fd8a9efd78d4ffaa,v2,260000,시스템,,,,,,,
04_womens_clothing-demo-000705,04_womens_clothing,04,d40fd2ac1c5e0e73,v2,78000,메이윤,,,,,,,
04_womens_clothing-demo-000706,04_womens_clothing,04,2f8de692287dc634,v2,39900,주크 ZOOC,,,,,,,
04_womens_clothing-demo-000707,04_womens_clothing,04,982ab24b1efa741c,v2,60000,리본타이,,,,,,,
04_womens_clothing-demo-000708,04_womens_clothing,04,bc0c875ad5e9cd28,v2,900000,막스마라,,,,,,,
04_womens_clothing-demo-000709,04_womens_clothing,04,8002947e622888b7,v2,990000,스톤아일랜드,,,,,,,
04_womens_clothing-demo-000710,04_womens_clothing,04,6c710fd223d8ecba,v2,280000,아쎄르,,,,,,,
04_womens_clothing-demo-000711,04_womens_clothing,04,31257c227efe1091,v2,30000,SJSJ,,,,,,,
04_womens_clothing-demo-000712,04_womens_clothing,04,790177844aa538f1,v2,150000,바이씨니,,,,,,,
04_womens_clothing-demo-000713,04_womens_clothing,04,4867e4f264d2e02c,v2,54000,스튜디오 톰보이,,,,,,,
04_womens_clothing-demo-000714,04_womens_clothing,04,a4578bce57297ffa,v2,41000,탑걸,,,,,,,
04_womens_clothing-demo-000715,04_womens_clothing,04,f065804292b90695,v2,150000,모한,,,,,,,
04_womens_clothing-demo-000716,04_womens_clothing,04,e4b29ed53f6ee9cc,v2,90000,H&M,,,,,,,
04_womens_clothing-demo-000717,04_womens_clothing,04,16c2945a8ecbd4a4,v2,80000,토리버치,,,,,,,
04_womens_clothing-demo-000718,04_womens_clothing,04,4ed64e53d5313f3a,v2,4000,H&M,,,,,,,
04_womens_clothing-demo-000719,04_womens_clothing,04,6a792ad2322f43da,v2,114000,스투시,,,,,,,
04_womens_clothing-demo-000720,04_womens_clothing,04,fd8a9efd78d4ffaa,v2,160000,시스템,,,,,,,
04_womens_clothing-demo-000721,04_womens_clothing,04,0c5c64084eac52e6,v2,109000,라밤바룸,,,,,,,
04_womens_clothing-demo-000722,04_womens_clothing,04,75f689a82cf637c3,v2,30000,메이썸,,,,,,,
04_womens_clothing-demo-000723,04_womens_clothing,04,4feea01e8cf80763,v2,190565,산드로,,,,,,,
04_womens_clothing-demo-000724,04_womens_clothing,04,4436f1fb311f6635,v2,120000,잇미샤,,,,,,,
04_womens_clothing-demo-000725,04_womens_clothing,04,6721b29c4027c71e,v2,460000,산드로,,,,,,,
04_womens_clothing-demo-000726,04_womens_clothing,04,4f6f2a04011c0b1e,v2,58000,로엠,,,,,,,
04_womens_clothing-demo-000727,04_womens_clothing,04,d897ecea1f38bbce,v2,20000,꼼빠니아,,,,,,,
04_womens_clothing-demo-000728,04_womens_clothing,04,982ab24b1efa741c,v2,60000,리본타이,,,,,,,
04_womens_clothing-demo-000729,04_womens_clothing,04,978d2b668b8637e3,v2,170000,아크로,,,,,,,
04_womens_clothing-demo-000730,04_womens_clothing,04,c9f75cabe7c0213a,v2,65000,리본타이,,,,,,,
04_womens_clothing-demo-000731,04_womens_clothing,04,44d0153b2fe1b189,v2,50000,미미스틱,,,,,,,
04_womens_clothing-demo-000732,04_womens_clothing,04,93fc3bdc3bdbd23b,v2,50000,미샤,,,,,,,
04_womens_clothing-demo-000733,04_womens_clothing,04,5dbc9779b7b548f1,v2,75000,르베이지,,,,,,,
04_womens_clothing-demo-000734,04_womens_clothing,04,1ab6f437cbae8c1f,v2,170000,maje,,,,,,,
04_womens_clothing-demo-000735,04_womens_clothing,04,ed3cadbc6477f453,v2,27000,키이스,,,,,,,
04_womens_clothing-demo-000736,04_womens_clothing,04,25467bcd296a29e9,v2,100000,MINE,,,,,,,
04_womens_clothing-demo-000737,04_womens_clothing,04,b0216271e3defef6,v2,25000,ab.plus,,,,,,,
04_womens_clothing-demo-000738,04_womens_clothing,04,10755fcb7a70265f,v2,80000,Sandro,,,,,,,
04_womens_clothing-demo-000739,04_womens_clothing,04,978d2b668b8637e3,v2,170000,아크로,,,,,,,
04_womens_clothing-demo-000740,04_womens_clothing,04,6a792ad2322f43da,v2,114000,스투시,,,,,,,
04_womens_clothing-demo-000741,04_womens_clothing,04,eaa3b524b5a498ff,v2,430000,준지,,,,,,,
04_womens_clothing-demo-000742,04_womens_clothing,04,be26e46034ec08bf,v2,1150000,R2W,,,,,,,
04_womens_clothing-demo-000743,04_womens_clothing,04,4436f1fb311f6635,v2,120000,잇미샤,,,,,,,
04_womens_clothing-demo-000744,04_womens_clothing,04,453a41efb3be7457,v2,39000,써스데이 아일랜드,,,,,,,
04_womens_clothing-demo-000745,04_womens_clothing,04,982ab24b1efa741c,v2,60000,리본타이,,,,,,,
04_womens_clothing-demo-000746,04_womens_clothing,04,1ed6f04224718e77,v2,120000,오즈세컨,,,,,,,
04_womens_clothing-demo-000747,04_womens_clothing,04,2d2fc0a61b345a9c,v2,210000,바이미나,,,,,,,
04_womens_clothing-demo-000748,04_womens_clothing,04,736878fe60d4bc03,v2,129000,르에떼,,,,,,,
04_womens_clothing-demo-000749,04_womens_clothing,04,26924eb27d9869a6,v2,38000,산드로,,,,,,,
04_womens_clothing-demo-000750,04_womens_clothing,04,4feea01e8cf80763,v2,232167,산드로,,,,,,,
04_womens_clothing-demo-000751,04_womens_clothing,04,6d532a5353e2804c,v2,15000,보보쇼즈,,,,,,,
04_womens_clothing-demo-000752,04_womens_clothing,04,906761d71a02966b,v2,15000,에고이스트,,,,,,,
04_womens_clothing-demo-000753,04_womens_clothing,04,c05b590e8f667682,v2,290000,생로랑 SAINT LAURENT,,,,,,,
04_womens_clothing-demo-000754,04_womens_clothing,04,98be830cddf85a44,v2,89000,써스데이아일랜드,,,,,,,
04_womens_clothing-demo-000755,04_womens_clothing,04,4feea01e8cf80763,v2,126013,산드로,,,,,,,
04_womens_clothing-demo-000756,04_womens_clothing,04,6a792ad2322f43da,v2,114000,스투시,,,,,,,
04_womens_clothing-demo-000757,04_womens_clothing,04,b883c7e21c25a412,v2,11122,H커넥트,,,,,,,
04_womens_clothing-demo-000758,04_womens_clothing,04,5931e99250e8e860,v2,40000,쉬즈미스,,,,,,,
04_womens_clothing-demo-000759,04_womens_clothing,04,790177844aa538f1,v2,120000,바이씨니,,,,,,,
04_womens_clothing-demo-000760,04_womens_clothing,04,f25f3a7bdab84dc2,v2,15000,탑텐,,,,,,,
04_womens_clothing-demo-000761,04_womens_clothing,04,6d532a5353e2804c,v2,30000,보보쇼즈,,,,,,,
04_womens_clothing-demo-000762,04_womens_clothing,04,e7d1113f6cbcc78d,v2,43000,ZARA,,,,,,,
04_womens_clothing-demo-000763,04_womens_clothing,04,7dd0ab051caaa62e,v2,48000,레니본(RENEEVON),,,,,,,
04_womens_clothing-demo-000764,04_womens_clothing,04,4feea01e8cf80763,v2,193242,산드로,,,,,,,
04_womens_clothing-demo-000765,04_womens_clothing,04,7f33e06d8e929b0f,v2,70000,타하리,,,,,,,
04_womens_clothing-demo-000766,04_womens_clothing,04,08852690adee3193,v2,190000,이원재패션,,,,,,,
04_womens_clothing-demo-000767,04_womens_clothing,04,d40fd2ac1c5e0e73,v2,78000,메이윤,,,,,,,
04_womens_clothing-demo-000768,04_womens_clothing,04,c5d0f2eac8359a4f,v2,100000,BAU 브라이드앤유,,,,,,,
04_womens_clothing-demo-000769,04_womens_clothing,04,0ce8b57b0501610e,v2,270000,보보쇼즈,,,,,,,
04_womens_clothing-demo-000770,04_womens_clothing,04,d40fd2ac1c5e0e73,v2,78000,메이윤,,,,,,,
04_womens_clothing-demo-000771,04_womens_clothing,04,26924eb27d9869a6,v2,38000,메이비베이비,,,,,,,
04_womens_clothing-demo-000772,04_womens_clothing,04,ef2db46bc2391868,v2,75000,쥬시쥬디,,,,,,,
04_womens_clothing-demo-000773,04_womens_clothing,04,34a069d2a8d80c98,v2,80000,베르소,,,,,,,
04_womens_clothing-demo-000774,04_womens_clothing,04,93fc3bdc3bdbd23b,v2,50000,미샤,,,,,,,
04_womens_clothing-demo-000775,04_womens_clothing,04,01bf2e5ba4235415,v2,69000,듀엘,,,,,,,
04_womens_clothing-demo-000776,04_womens_clothing,04,3e77058a00c1e5cd,v2,60000,PEN,,,,,,,
04_womens_clothing-demo-000777,04_womens_clothing,04,98be830cddf85a44,v2,89000,써스데이아일랜드,,,,,,,
04_womens_clothing-demo-000778,04_womens_clothing,04,eaa3b524b5a498ff,v2,430000,준지,,,,,,,
04_womens_clothing-demo-000779,04_womens_clothing,04,b969a1b934dbf749,v2,95000,한섬 시스템,,,,,,,
04_womens_clothing-demo-000780,04_womens_clothing,04,87c39970436e3cb7,v2,70000,플레이그라운드,,,,,,,
04_womens_clothing-demo-000781,04_womens_clothing,04,98be830cddf85a44,v2,39000,써스데이아일랜드,,,,,,,
04_womens_clothing-demo-000782,04_womens_clothing,04,080bddfa303fb6ac,v2,40000,아이잗바바,,,,,,,
04_womens_clothing-demo-000783,04_womens_clothing,04,93fc3bdc3bdbd23b,v2,50000,미샤,,,,,,,
04_womens_clothing-demo-000784,04_womens_clothing,04,5931e99250e8e860,v2,40000,쉬즈미스,,,,,,,
04_womens_clothing-demo-000785,04_womens_clothing,04,b2a172b3c8adcb8c,v2,150000,아떼바네사브루노,,,,,,,
04_womens_clothing-demo-000786,04_womens_clothing,04,a0d40d804e15b7a2,v2,80000,유아부미,,,,,,,
04_womens_clothing-demo-000787,04_womens_clothing,04,7dd0ab051caaa62e,v2,48000,레니본(RENEEVON),,,,,,,
04_womens_clothing-demo-000788,04_womens_clothing,04,5276fa8c6e12e6e5,v2,125000,브룩스 브라더스,,,,,,,
04_womens_clothing-demo-000789,04_womens_clothing,04,b883c7e21c25a412,v2,25000,h커넥트,,,,,,,
04_womens_clothing-demo-000790,04_womens_clothing,04,790177844aa538f1,v2,120000,바이씨니,,,,,,,
04_womens_clothing-demo-000791,04_womens_clothing,04,273b6896d31c81ee,v2,505000,타임옴므,,,,,,,
04_womens_clothing-demo-000792,04_womens_clothing,04,0ecf05861042f123,v2,220000,유앤진,,,,,,,
04_womens_clothing-demo-000793,04_womens_clothing,04,bc2e03df924b7564,v2,80000,럭키슈에뜨,,,,,,,
04_womens_clothing-demo-000794,04_womens_clothing,04,bc2e03df924b7564,v2,80000,럭키슈에뜨,,,,,,,
04_womens_clothing-demo-000795,04_womens_clothing,04,bc2e03df924b7564,v2,80000,보브 (VOV),,,,,,,
04_womens_clothing-demo-000796,04_womens_clothing,04,959f7b9d78ee595c,v2,35000,LINE,,,,,,,
04_womens_clothing-demo-000797,04_womens_clothing,04,4436f1fb311f6635,v2,120000,잇미샤,,,,,,,
04_womens_clothing-demo-000798,04_womens_clothing,04,a91174cee3d28f9f,v2,1750000,오라리 Auralee,,,,,,,
04_womens_clothing-demo-000799,04_womens_clothing,04,0ce8b57b0501610e,v2,270000,크리스찬 디올,,,,,,,
04_womens_clothing-demo-000800,04_womens_clothing,04,f230295af1efeb93,v2,120000,it MICHAA,,,,,,,
04_womens_clothing-demo-000801,04_womens_clothing,04,a4b280a6cd039bb4,v2,140000,유메르,,,,,,,
04_womens_clothing-demo-000802,04_womens_clothing,04,bc2e03df924b7564,v2,80000,럭키슈에뜨,,,,,,,
04_womens_clothing-demo-000803,04_womens_clothing,04,270d680cbac093ce,v2,290000,코젯,,,,,,,
04_womens_clothing-demo-000804,04_womens_clothing,04,e7d1113f6cbcc78d,v2,43000,ZARA,,,,,,,
04_womens_clothing-demo-000805,04_womens_clothing,04,6c710fd223d8ecba,v2,280000,아쎄르,,,,,,,
04_womens_clothing-demo-000806,04_womens_clothing,04,e31ea8829e8b9bbe,v2,40000,타임,,,,,,,
04_womens_clothing-demo-000807,04_womens_clothing,04,bb4e4832f8d2200b,v2,170000,브라이드앤유,,,,,,,
04_womens_clothing-demo-000808,04_womens_clothing,04,8c036fd2d9ae8b79,v2,55000,노스페이스,,,,,,,
04_womens_clothing-demo-000809,04_womens_clothing,04,6d532a5353e2804c,v2,15000,보보쇼즈,,,,,,,
04_womens_clothing-demo-000810,04_womens_clothing,04,77d006aed4e39446,v2,70000,레니본,,,,,,,
04_womens_clothing-demo-000811,04_womens_clothing,04,273b6896d31c81ee,v2,505000,타임옴므,,,,,,,
04_womens_clothing-demo-000812,04_womens_clothing,04,4feea01e8cf80763,v2,122553,산드로,,,,,,,
04_womens_clothing-demo-000813,04_womens_clothing,04,4cac9d762a51c6f7,v2,30000,세컨플로어,,,,,,,
04_womens_clothing-demo-000814,04_womens_clothing,04,6d532a5353e2804c,v2,30000,보보쇼즈,,,,,,,
04_womens_clothing-demo-000815,04_womens_clothing,04,16c2945a8ecbd4a4,v2,80000,토리버치,,,,,,,
04_womens_clothing-demo-000816,04_womens_clothing,04,4feea01e8cf80763,v2,239404,디스커버리익스페디션,,,,,,,
04_womens_clothing-demo-000817,04_womens_clothing,04,081081b77aa12939,v2,135000,폴로 랄프로렌,,,,,,,
04_womens_clothing-demo-000818,04_womens_clothing,04,5219d946f18354fb,v2,65000,막스마라 스튜디오,,,,,,,
04_womens_clothing-demo-000819,04_womens_clothing,04,d40fd2ac1c5e0e73,v2,78000,메이윤,,,,,,,
04_womens_clothing-demo-000820,04_womens_clothing,04,c9f75cabe7c0213a,v2,65000,미쏘,,,,,,,
04_womens_clothing-demo-000821,04_womens_clothing,04,8548e4d3b7e2dbb7,v2,85000,엠핀,,,,,,,
04_womens_clothing-demo-000822,04_womens_clothing,04,bc0c875ad5e9cd28,v2,900000,막스마라,,,,,,,
04_womens_clothing-demo-000823,04_womens_clothing,04,25467bcd296a29e9,v2,100000,MINE,,,,,,,
04_womens_clothing-demo-000824,04_womens_clothing,04,2d2fc0a61b345a9c,v2,180000,바이미나,,,,,,,
04_womens_clothing-demo-000825,04_womens_clothing,04,87c39970436e3cb7,v2,70000,플레이그라운드,,,,,,,
04_womens_clothing-demo-000826,04_womens_clothing,04,1ab6f437cbae8c1f,v2,170000,Maje,,,,,,,
04_womens_clothing-demo-000827,04_womens_clothing,04,ed3cadbc6477f453,v2,27000,키이스,,,,,,,
04_womens_clothing-demo-000828,04_womens_clothing,04,bc2e03df924b7564,v2,80001,럭키슈에뜨,,,,,,,
04_womens_clothing-demo-000829,04_womens_clothing,04,169cf899b6b3aa19,v2,33000,SYSTEM,,,,,,,
04_womens_clothing-demo-000830,04_womens_clothing,04,0ce8b57b0501610e,v2,270000,크리스찬 디올,,,,,,,
04_womens_clothing-demo-000831,04_womens_clothing,04,75f689a82cf637c3,v2,30000,로엠,,,,,,,
04_womens_clothing-demo-000832,04_womens_clothing,04,ef2db46bc2391868,v2,89000,크리스찬 디올,,,,,,,
04_womens_clothing-demo-000833,04_womens_clothing,04,492ee46da0c85513,v2,80000,소미타,,,,,,,
04_womens_clothing-demo-000834,04_womens_clothing,04,6a792ad2322f43da,v2,114000,스투시,,,,,,,
04_womens_clothing-demo-000835,04_womens_clothing,04,6a792ad2322f43da,v2,114000,스투시,,,,,,,
04_womens_clothing-demo-000836,04_womens_clothing,04,027e3b18dc34b9a1,v2,145000,보브 (VOV),,,,,,,
04_womens_clothing-demo-000837,04_womens_clothing,04,7dd0ab051caaa62e,v2,48000,레니본(RENEEVON),,,,,,,
04_womens_clothing-demo-000838,04_womens_clothing,04,cbc45c5a24dda5d1,v2,47000,비꼴리끄,,,,,,,
04_womens_clothing-demo-000839,04_womens_clothing,04,12faf7d4ed06f42e,v2,259000,보브(VOV),,,,,,,
04_womens_clothing-demo-000840,04_womens_clothing,04,da053fba2577d5da,v2,450000,쎄모먼,,,,,,,
04_womens_clothing-demo-000841,04_womens_clothing,04,4867e4f264d2e02c,v2,54000,스튜디오 톰보이,,,,,,,
04_womens_clothing-demo-000842,04_womens_clothing,04,da053fba2577d5da,v2,450000,쎄모먼,,,,,,,
04_womens_clothing-demo-000843,04_womens_clothing,04,5276fa8c6e12e6e5,v2,125000,브룩스 브라더스,,,,,,,
04_womens_clothing-demo-000844,04_womens_clothing,04,b2a172b3c8adcb8c,v2,150000,베르소,,,,,,,
04_womens_clothing-demo-000845,04_womens_clothing,04,3d440e1b82519739,v2,59000,Statement,,,,,,,
04_womens_clothing-demo-000846,04_womens_clothing,04,080bddfa303fb6ac,v2,40000,아이잗바바,,,,,,,
04_womens_clothing-demo-000847,04_womens_clothing,04,1944ff7d0b621fd1,v2,630000,솔리드옴므,,,,,,,
04_womens_clothing-demo-000848,04_womens_clothing,04,8a1f65ff0a529bca,v2,190000,시에,,,,,,,
04_womens_clothing-demo-000849,04_womens_clothing,04,b0216271e3defef6,v2,25000,ab.plus,,,,,,,
04_womens_clothing-demo-000850,04_womens_clothing,04,982ab24b1efa741c,v2,60000,리본타이,,,,,,,
04_womens_clothing-demo-000851,04_womens_clothing,04,a0d40d804e15b7a2,v2,60000,유아부미,,,,,,,
04_womens_clothing-demo-000852,04_womens_clothing,04,6d532a5353e2804c,v2,15000,보보쇼즈,,,,,,,
04_womens_clothing-demo-000853,04_womens_clothing,04,4436f1fb311f6635,v2,120001,잇미샤,,,,,,,
04_womens_clothing-demo-000854,04_womens_clothing,04,6a40abd2d9b765b3,v2,50000,폴로,,,,,,,
04_womens_clothing-demo-000855,04_womens_clothing,04,ec5bb0af3e6f6ce5,v2,110000,어뉴골프,,,,,,,
04_womens_clothing-demo-000856,04_womens_clothing,04,8c036fd2d9ae8b79,v2,55000,노스페이스,,,,,,,
04_womens_clothing-demo-000857,04_womens_clothing,04,d40fd2ac1c5e0e73,v2,78000,메이윤,,,,,,,
04_womens_clothing-demo-000858,04_womens_clothing,04,25467bcd296a29e9,v2,100000,MINE,,,,,,,
04_womens_clothing-demo-000859,04_womens_clothing,04,4436f1fb311f6635,v2,120001,45번가,,,,,,,
04_womens_clothing-demo-000860,04_womens_clothing,04,4f6f2a04011c0b1e,v2,58000,로엠,,,,,,,
04_womens_clothing-demo-000861,04_womens_clothing,04,25467bcd296a29e9,v2,100000,MINE,,,,,,,
04_womens_clothing-demo-000862,04_womens_clothing,04,1c539c1f3fd6255d,v2,85000,지컷,,,,,,,
04_womens_clothing-demo-000863,04_womens_clothing,04,881082fa4980e682,v2,300000,11am,,,,,,,
04_womens_clothing-demo-000864,04_womens_clothing,04,a4b280a6cd039bb4,v2,39000,듀엘,,,,,,,
04_womens_clothing-demo-000865,04_womens_clothing,04,0ce8b57b0501610e,v2,270000,크리스찬 디올,,,,,,,
04_womens_clothing-demo-000866,04_womens_clothing,04,d40fd2ac1c5e0e73,v2,78000,레니본,,,,,,,
04_womens_clothing-demo-000867,04_womens_clothing,04,10755fcb7a70265f,v2,80000,Sandro,,,,,,,
04_womens_clothing-demo-000868,04_womens_clothing,04,77d006aed4e39446,v2,150000,레니본,,,,,,,
04_womens_clothing-demo-000869,04_womens_clothing,04,e7d1113f6cbcc78d,v2,43000,ZARA,,,,,,,
04_womens_clothing-demo-000870,04_womens_clothing,04,1e936b21ecca9696,v2,320000,프랭키 모렐로,,,,,,,
04_womens_clothing-demo-000871,04_womens_clothing,04,f25f3a7bdab84dc2,v2,15000,탑텐,,,,,,,
04_womens_clothing-demo-000872,04_womens_clothing,04,80defc80da6a2a14,v2,100000,벨라,,,,,,,
04_womens_clothing-demo-000873,04_womens_clothing,04,0c5c64084eac52e6,v2,109000,쥬시쥬디,,,,,,,
04_womens_clothing-demo-000874,04_womens_clothing,04,bc2e03df924b7564,v2,80000,럭키슈에뜨,,,,,,,
04_womens_clothing-demo-000875,04_womens_clothing,04,080bddfa303fb6ac,v2,40000,아이잗바바,,,,,,,
04_womens_clothing-demo-000876,04_womens_clothing,04,5931e99250e8e860,v2,40000,쉬즈미스,,,,,,,
04_womens_clothing-demo-000877,04_womens_clothing,04,492ee46da0c85513,v2,80000,소미타,,,,,,,
04_womens_clothing-demo-000878,04_womens_clothing,04,c61ae1275b3e8a46,v2,350000,제이프레스,,,,,,,
04_womens_clothing-demo-000879,04_womens_clothing,04,6d532a5353e2804c,v2,15000,보보쇼즈,,,,,,,
04_womens_clothing-demo-000880,04_womens_clothing,04,b0216271e3defef6,v2,25000,ab.plus,,,,,,,
04_womens_clothing-demo-000881,04_womens_clothing,04,07d8873f556891b8,v2,15000,리스트,,,,,,,
04_womens_clothing-demo-000882,04_womens_clothing,04,b969a1b934dbf749,v2,95000,한섬 시스템,,,,,,,
04_womens_clothing-demo-000883,04_womens_clothing,04,4436f1fb311f6635,v2,120001,잇미샤,,,,,,,
04_womens_clothing-demo-000884,04_womens_clothing,04,fd8a9efd78d4ffaa,v2,110000,럭키슈에뜨,,,,,,,
04_womens_clothing-demo-000885,04_womens_clothing,04,4f6f2a04011c0b1e,v2,50000,로엠,,,,,,,
04_womens_clothing-demo-000886,04_womens_clothing,04,cbc45c5a24dda5d1,v2,47000,비꼴리끄,,,,,,,
04_womens_clothing-demo-000887,04_womens_clothing,04,10755fcb7a70265f,v2,80000,Sandro,,,,,,,
04_womens_clothing-demo-000888,04_womens_clothing,04,e31ea8829e8b9bbe,v2,40000,타임,,,,,,,
04_womens_clothing-demo-000889,04_womens_clothing,04,26924eb27d9869a6,v2,38000,메이비베이비,,,,,,,
04_womens_clothing-demo-000890,04_womens_clothing,04,bc2e03df924b7564,v2,80000,럭키슈에뜨,,,,,,,
04_womens_clothing-demo-000891,04_womens_clothing,04,34a069d2a8d80c98,v2,80000,베르소,,,,,,,
04_womens_clothing-demo-000892,04_womens_clothing,04,169cf899b6b3aa19,v2,33000,유니클로,,,,,,,
04_womens_clothing-demo-000893,04_womens_clothing,04,77d006aed4e39446,v2,150000,레니본,,,,,,,
04_womens_clothing-demo-000894,04_womens_clothing,04,ab5cb18cc5b4adc1,v2,240000,YSL 생로랑 SAINT LAURENT,,,,,,,
04_womens_clothing-demo-000895,04_womens_clothing,04,982ab24b1efa741c,v2,60000,리본타이,,,,,,,
04_womens_clothing-demo-000896,04_womens_clothing,04,a8ca74ada0bf08f1,v2,290000,브라이드앤유,,,,,,,
04_womens_clothing-demo-000897,04_womens_clothing,04,4436f1fb311f6635,v2,120000,잇미샤,,,,,,,
04_womens_clothing-demo-000898,04_womens_clothing,04,982ab24b1efa741c,v2,60000,리본타이,,,,,,,
04_womens_clothing-demo-000899,04_womens_clothing,04,2f8de692287dc634,v2,39900,주크 ZOOC,,,,,,,
04_womens_clothing-demo-000900,04_womens_clothing,04,bb4e4832f8d2200b,v2,170000,브라이드앤유,,,,,,,
04_womens_clothing-demo-000901,04_womens_clothing,04,080bddfa303fb6ac,v2,40000,아이잗바바,,,,,,,
04_womens_clothing-demo-000902,04_womens_clothing,04,ed3cadbc6477f453,v2,27000,키이스,,,,,,,
04_womens_clothing-demo-000903,04_womens_clothing,04,8a1f65ff0a529bca,v2,190000,시에,,,,,,,
04_womens_clothing-demo-000904,04_womens_clothing,04,a0d40d804e15b7a2,v2,60000,유아부미,,,,,,,
04_womens_clothing-demo-000905,04_womens_clothing,04,cbc45c5a24dda5d1,v2,47000,비꼴리끄,,,,,,,
04_womens_clothing-demo-000906,04_womens_clothing,04,44d0153b2fe1b189,v2,50000,미미스틱,,,,,,,
04_womens_clothing-demo-000907,04_womens_clothing,04,d40fd2ac1c5e0e73,v2,60000,메이윤,,,,,,,
04_womens_clothing-demo-000908,04_womens_clothing,04,31257c227efe1091,v2,30000,SJSJ,,,,,,,
04_womens_clothing-demo-000909,04_womens_clothing,04,e31ea8829e8b9bbe,v2,40000,타임,,,,,,,
04_womens_clothing-demo-000910,04_womens_clothing,04,d9a4841b76eb9984,v2,60000,마시모두띠,,,,,,,
04_womens_clothing-demo-000911,04_womens_clothing,04,978d2b668b8637e3,v2,170000,아크로,,,,,,,
04_womens_clothing-demo-000912,04_womens_clothing,04,0ecf05861042f123,v2,220000,유앤진,,,,,,,
04_womens_clothing-demo-000913,04_womens_clothing,04,f2b5b85a9ee059be,v2,15000,리미떼두두,,,,,,,
04_womens_clothing-demo-000914,04_womens_clothing,04,e31ea8829e8b9bbe,v2,100000,르베이지,,,,,,,
04_womens_clothing-demo-000915,04_womens_clothing,04,309d50230a642b85,v2,80000,엠핀,,,,,,,
04_womens_clothing-demo-000916,04_womens_clothing,04,c05b590e8f667682,v2,290000,생로랑 SAINT LAURENT,,,,,,,
04_womens_clothing-demo-000917,04_womens_clothing,04,4f6f2a04011c0b1e,v2,58000,로엠,,,,,,,
04_womens_clothing-demo-000918,04_womens_clothing,04,08b06835b9cc990d,v2,300000,메르비시앙,,,,,,,
04_womens_clothing-demo-000919,04_womens_clothing,04,ec5bb0af3e6f6ce5,v2,110000,라밤바룸,,,,,,,
04_womens_clothing-demo-000920,04_womens_clothing,04,e31ea8829e8b9bbe,v2,40000,타임,,,,,,,
04_womens_clothing-demo-000921,04_womens_clothing,04,16c2945a8ecbd4a4,v2,80000,토리버치,,,,,,,
04_womens_clothing-demo-000922,04_womens_clothing,04,25467bcd296a29e9,v2,100000,MINE,,,,,,,
04_womens_clothing-demo-000923,04_womens_clothing,04,f065804292b90695,v2,150000,디스커버리익스페디션,,,,,,,
04_womens_clothing-demo-000924,04_womens_clothing,04,4436f1fb311f6635,v2,120000,잇미샤,,,,,,,
04_womens_clothing-demo-000925,04_womens_clothing,04,fd8a9efd78d4ffaa,v2,110000,시스템,,,,,,,
04_womens_clothing-demo-000926,04_womens_clothing,04,453a41efb3be7457,v2,39000,써스데이 아일랜드,,,,,,,
04_womens_clothing-demo-000927,04_womens_clothing,04,363acbe3367e013b,v2,103000,치유의 옷장,,,,,,,
04_womens_clothing-demo-000928,04_womens_clothing,04,169cf899b6b3aa19,v2,33000,유니클로,,,,,,,
04_womens_clothing-demo-000929,04_womens_clothing,04,80defc80da6a2a14,v2,100000,벨라,,,,,,,
04_womens_clothing-demo-000930,04_womens_clothing,04,a4578bce57297ffa,v2,41000,탑걸,,,,,,,
04_womens_clothing-demo-000931,04_womens_clothing,04,5276fa8c6e12e6e5,v2,125000,브룩스 브라더스,,,,,,,
04_womens_clothing-demo-000932,04_womens_clothing,04,906761d71a02966b,v2,15000,에고이스트,,,,,,,
04_womens_clothing-demo-000933,04_womens_clothing,04,8002947e622888b7,v2,990000,스톤아일랜드,,,,,,,
04_womens_clothing-demo-000934,04_womens_clothing,04,ef2db46bc2391868,v2,89000,쥬시쥬디,,,,,,,
04_womens_clothing-demo-000935,04_womens_clothing,04,e6514b65fb0ad891,v2,7000,COCOBLIN,,,,,,,
04_womens_clothing-demo-000936,04_womens_clothing,04,bc2e03df924b7564,v2,80000,럭키슈에뜨,,,,,,,
04_womens_clothing-demo-000937,04_womens_clothing,04,26924eb27d9869a6,v2,38000,SJSJ,,,,,,,
04_womens_clothing-demo-000938,04_womens_clothing,04,273b6896d31c81ee,v2,505000,타임옴므,,,,,,,
04_womens_clothing-demo-000939,04_womens_clothing,04,a91174cee3d28f9f,v2,1750000,오라리 Auralee,,,,,,,
04_womens_clothing-demo-000940,04_womens_clothing,04,fd8a9efd78d4ffaa,v2,260000,시스템,,,,,,,
04_womens_clothing-demo-000941,04_womens_clothing,04,492ee46da0c85513,v2,80000,소미타,,,,,,,
04_womens_clothing-demo-000942,04_womens_clothing,04,4feea01e8cf80763,v2,191525,산드로,,,,,,,
04_womens_clothing-demo-000943,04_womens_clothing,04,77d006aed4e39446,v2,70000,레니본,,,,,,,
04_womens_clothing-demo-000944,04_womens_clothing,04,b0216271e3defef6,v2,25000,ab.plus,,,,,,,
04_womens_clothing-demo-000945,04_womens_clothing,04,ec5bb0af3e6f6ce5,v2,110000,어뉴골프,,,,,,,
04_womens_clothing-demo-000946,04_womens_clothing,04,7adb5017b1629219,v2,150000,원피스,,,,,,,
04_womens_clothing-demo-000947,04_womens_clothing,04,8237d03aeab36557,v2,40000,에잇세컨즈,,,,,,,
04_womens_clothing-demo-000948,04_womens_clothing,04,07d8873f556891b8,v2,15000,리스트,,,,,,,
04_womens_clothing-demo-000949,04_womens_clothing,04,da053fba2577d5da,v2,450000,쎄모먼,,,,,,,
04_womens_clothing-demo-000950,04_womens_clothing,04,2aea994de8b408db,v2,50000,미니멈,,,,,,,
04_womens_clothing-demo-000951,04_womens_clothing,04,7dd0ab051caaa62e,v2,48000,레니본(RENEEVON),,,,,,,
04_womens_clothing-demo-000952,04_womens_clothing,04,b0216271e3defef6,v2,25000,ab.plus,,,,,,,
04_womens_clothing-demo-000953,04_womens_clothing,04,31257c227efe1091,v2,30000,SJSJ,,,,,,,
04_womens_clothing-demo-000954,04_womens_clothing,04,363acbe3367e013b,v2,103000,치유의 옷장,,,,,,,
04_womens_clothing-demo-000955,04_womens_clothing,04,bb4e4832f8d2200b,v2,170000,브라이드앤유,,,,,,,
04_womens_clothing-demo-000956,04_womens_clothing,04,fd8a9efd78d4ffaa,v2,160000,시스템,,,,,,,
04_womens_clothing-demo-000957,04_womens_clothing,04,492ee46da0c85513,v2,80000,소미타,,,,,,,
04_womens_clothing-demo-000958,04_womens_clothing,04,169cf899b6b3aa19,v2,33000,유니클로,,,,,,,
04_womens_clothing-demo-000959,04_womens_clothing,04,eeb0ce479601a3e8,v2,25000,무누,,,,,,,
04_womens_clothing-demo-000960,04_womens_clothing,04,169cf899b6b3aa19,v2,33000,유니클로,,,,,,,
04_womens_clothing-demo-000961,04_womens_clothing,04,4feea01e8cf80763,v2,231126,산드로,,,,,,,
04_womens_clothing-demo-000962,04_womens_clothing,04,4f6f2a04011c0b1e,v2,50000,로엠,,,,,,,
04_womens_clothing-demo-000963,04_womens_clothing,04,8a1f65ff0a529bca,v2,190000,시에,,,,,,,
04_womens_clothing-demo-000964,04_womens_clothing,04,a91174cee3d28f9f,v2,1750000,오라리 Auralee,,,,,,,
04_womens_clothing-demo-000965,04_womens_clothing,04,1437e5f1eeab025e,v2,290000,오르 orr,,,,,,,
04_womens_clothing-demo-000966,04_womens_clothing,04,10755fcb7a70265f,v2,80000,Sandro,,,,,,,
04_womens_clothing-demo-000967,04_womens_clothing,04,6d532a5353e2804c,v2,15000,보보쇼즈,,,,,,,
04_womens_clothing-demo-000968,04_womens_clothing,04,4feea01e8cf80763,v2,250000,산드로,,,,,,,
04_womens_clothing-demo-000969,04_womens_clothing,04,492ee46da0c85513,v2,80000,소미타,,,,,,,
04_womens_clothing-demo-000970,04_womens_clothing,04,77d006aed4e39446,v2,150000,레니본,,,,,,,
04_womens_clothing-demo-000971,04_womens_clothing,04,5219d946f18354fb,v2,65000,막스마라 스튜디오,,,,,,,
04_womens_clothing-demo-000972,04_womens_clothing,04,680d1b490e1e6db7,v2,30000,케네스레이디,,,,,,,
04_womens_clothing-demo-000973,04_womens_clothing,04,b883c7e21c25a412,v2,21306,h커넥트,,,,,,,
04_womens_clothing-demo-000974,04_womens_clothing,04,3803587d287f2707,v2,170000,유노이아,,,,,,,
04_womens_clothing-demo-000975,04_womens_clothing,04,1ab6f437cbae8c1f,v2,95000,Maje,,,,,,,
04_womens_clothing-demo-000976,04_womens_clothing,04,5931e99250e8e860,v2,40000,쉬즈미스,,,,,,,
04_womens_clothing-demo-000977,04_womens_clothing,04,c61ae1275b3e8a46,v2,350000,제이프레스,,,,,,,
04_womens_clothing-demo-000978,04_womens_clothing,04,7adb5017b1629219,v2,150000,원피스,,,,,,,
04_womens_clothing-demo-000979,04_womens_clothing,04,75f689a82cf637c3,v2,30000,메이썸,,,,,,,
04_womens_clothing-demo-000980,04_womens_clothing,04,0ecf05861042f123,v2,220000,유앤진,,,,,,,
04_womens_clothing-demo-000981,04_womens_clothing,04,080bddfa303fb6ac,v2,40000,아이잗바바,,,,,,,
04_womens_clothing-demo-000982,04_womens_clothing,04,b883c7e21c25a412,v2,11067,h커넥트,,,,,,,
04_womens_clothing-demo-000983,04_womens_clothing,04,b883c7e21c25a412,v2,23074,h커넥트,,,,,,,
04_womens_clothing-demo-000984,04_womens_clothing,04,0ecf05861042f123,v2,220000,유앤진,,,,,,,
04_womens_clothing-demo-000985,04_womens_clothing,04,77d006aed4e39446,v2,150000,레니본,,,,,,,
04_womens_clothing-demo-000986,04_womens_clothing,04,1fb48d40a25155ca,v2,165000,벨라,,,,,,,
04_womens_clothing-demo-000987,04_womens_clothing,04,f5b35f8c931bcb3d,v2,50000,바이미나,,,,,,,
04_womens_clothing-demo-000988,04_womens_clothing,04,982ab24b1efa741c,v2,60000,리본타이,,,,,,,
04_womens_clothing-demo-000989,04_womens_clothing,04,081081b77aa12939,v2,135000,폴로 랄프로렌,,,,,,,
04_womens_clothing-demo-000990,04_womens_clothing,04,1944ff7d0b621fd1,v2,630000,솔리드옴므,,,,,,,
04_womens_clothing-demo-000991,04_womens_clothing,04,07d8873f556891b8,v2,15000,리스트,,,,,,,
04_womens_clothing-demo-000992,04_womens_clothing,04,b0216271e3defef6,v2,25000,ab.plus,,,,,,,
04_womens_clothing-demo-000993,04_womens_clothing,04,96ceff4ab8b67ea7,v2,11111,미니봉봉,,,,,,,
04_womens_clothing-demo-000994,04_womens_clothing,04,6d532a5353e2804c,v2,15000,보보쇼즈,,,,,,,
04_womens_clothing-demo-000995,04_womens_clothing,04,092a0bd94a9c6111,v2,60000,줄로그,,,,,,,
04_womens_clothing-demo-000996,04_womens_clothing,04,44d0153b2fe1b189,v2,50000,미미스틱,,,,,,,
04_womens_clothing-demo-000997,04_womens_clothing,04,736878fe60d4bc03,v2,129000,마틴플랜,,,,,,,
04_womens_clothing-demo-000998,04_womens_clothing,04,7adb5017b1629219,v2,150000,원피스,,,,,,,
04_womens_clothing-demo-000999,04_womens_clothing,04,270d680cbac093ce,v2,290000,코젯,,,,,,,
