item_id,category_name,category_code,spec_key_hash,hash_version,used_price,item_type,sport_category,brand,model_name,gender_target,handedness,trade_type,location_area
09_sports_leisure-demo-000000,09_sports_leisure,09,089de61793732e18,v2,490000,,,엘파마,"레이다 R5800, 에포카 E5800",,,,
09_sports_leisure-demo-000001,09_sports_leisure,09,1467ccea77b29530,v2,305000,,,야마하,EM570,,,,
09_sports_leisure-demo-000002,09_sports_leisure,09,ecbd6fc79b298491,v2,75000,,,젝시오,MP300,,,,
09_sports_leisure-demo-000003,09_sports_leisure,09,a9eba576530636d5,v2,70000,,,벨로라인,3S,,,,
09_sports_leisure-demo-000004,09_sports_leisure,09,2218ba7f211a4b1f,v2,480000,,,콘스탄틴,피타,,,,
09_sports_leisure-demo-000005,09_sports_leisure,09,5e5c67e90393ec74,v2,500000,,,엘파마,E2000D,,,,
09_sports_leisure-demo-000006,09_sports_leisure,09,14c7617b0b4dfd49,v2,572711,,,캘러웨이,크릿디 2024,,,,
09_sports_leisure-demo-000007,09_sports_leisure,09,53bfb100455982fe,v2,40000,,,마루망,BW02,,,,
09_sports_leisure-demo-000008,09_sports_leisure,09,b253ef8d387d4dc3,v2,430000,,,알톤,니모FD 에디션,,,,
09_sports_leisure-demo-000009,09_sports_leisure,09,de6653bdea0de747,v2,1550000,,,리파인드,리파인드 7,,,,
09_sports_leisure-demo-000010,09_sports_leisure,09,9e9683263e60bd03,v2,850000,,,비앙키,니로네7,,,,
09_sports_leisure-demo-000011,09_sports_leisure,09,29e51dd16d670b29,v2,430000,,,삼천리,칼라스 70,,,,
09_sports_leisure-demo-000012,09_sports_leisure,09,836709c137a7d758,v2,1080000,,,BESV,핏큐브 바이크,,,,
09_sports_leisure-demo-000013,09_sports_leisure,09,06c9f15c12797fa5,v2,1500000,,,엑스라이더,X50,,,,
09_sports_leisure-demo-000014,09_sports_leisure,09,21faeb640f6b5f8d,v2,1400000,,,마이클블라스터,아웃사이더4.0,,,,
09_sports_leisure-demo-000015,09_sports_leisure,09,a9eba576530636d5,v2,70000,,,자이언트,BW02,,,,
09_sports_leisure-demo-000016,09_sports_leisure,09,3a532c5444c484a3,v2,850000,,,테일러메이드,크릿디,,,,
09_sports_leisure-demo-000017,09_sports_leisure,09,2218ba7f211a4b1f,v2,480000,,,콘스탄틴,피타,,,,
09_sports_leisure-demo-000018,09_sports_leisure,09,c60788dbeffeeed5,v2,620000,,,트위터,R10,,,,
09_sports_leisure-demo-000019,09_sports_leisure,09,902dd503fe8808a2,v2,390000,,,이와키,펠릭스,,,,
09_sports_leisure-demo-000020,09_sports_leisure,09,3a532c5444c484a3,v2,705788,,,테일러메이드,TCR 어드밴스 2 KOM 2024,,,,
09_sports_leisure-demo-000021,09_sports_leisure,09,6acb0639029ff3ec,v2,980000,,,자이언트,TCR Advanced 1 KOM,,,,
09_sports_leisure-demo-000022,09_sports_leisure,09,9783a760b3a6a838,v2,200000,,,데이비드,712,,,,
09_sports_leisure-demo-000023,09_sports_leisure,09,5e5c67e90393ec74,v2,500000,,,엘파마,E2000D,,,,
09_sports_leisure-demo-000024,09_sports_leisure,09,e3d08fecd1d7c935,v2,1250000,,,히토미혼마,5스타,,,,
09_sports_leisure-demo-000025,09_sports_leisure,09,8bb1716b11027b5b,v2,800000,,,모토벨로,A10 프로,,,,
09_sports_leisure-demo-000026,09_sports_leisure,09,331d09bc1a47bae1,v2,200000,,,스텔스,앤썸X,,,,
09_sports_leisure-demo-000027,09_sports_leisure,09,7dc47bf16f3b5d2a,v2,600000,,,"테일러메이드, 타이틀, 카스코, rife",712,,,,
09_sports_leisure-demo-000028,09_sports_leisure,09,1c81967f18413f67,v2,3000000,,,Liv,Langma Advanced Pro Disc 0 2022,,,,
09_sports_leisure-demo-000029,09_sports_leisure,09,902dd503fe8808a2,v2,390000,,,엘로드,SQ 460,,,,
09_sports_leisure-demo-000030,09_sports_leisure,09,ba1087264dfb85fc,v2,50000,,,테일러메이드,로사 몬자,,,,
09_sports_leisure-demo-000031,09_sports_leisure,09,3f2c62d3ddc33d5d,v2,1200000,,,자이언트,Propel Advanced 1 Pro,,,,
09_sports_leisure-demo-000032,09_sports_leisure,09,77f7d8c4b64db622,v2,60000,,,모토벨로,BW02,,,,
09_sports_leisure-demo-000033,09_sports_leisure,09,e28c95436eebacd3,v2,80000,,,위더피플,프로0 디스크,,,,
09_sports_leisure-demo-000034,09_sports_leisure,09,deb6d59be8f66f19,v2,68000,,,테일러메이드,XR 포지드,,,,
09_sports_leisure-demo-000035,09_sports_leisure,09,4df50eb31c756ff4,v2,430000,,,테일러메이드,R대,,,,
09_sports_leisure-demo-000036,09_sports_leisure,09,89147ea8ac2e8a99,v2,714998,,,투어스테이지,TCR 어드밴스 2 KOM 2024,,,,
09_sports_leisure-demo-000037,09_sports_leisure,09,74350705a8efa940,v2,300000,,,트위터,레오파드30단,,,,
09_sports_leisure-demo-000038,09_sports_leisure,09,3a532c5444c484a3,v2,850000,,,테일러메이드,TCR Advanced 1 KOM,,,,
09_sports_leisure-demo-000039,09_sports_leisure,09,7e7c9696458d23b9,v2,1150000,,,캐니언,Ultimate CF SL 8.0 Di2,,,,
09_sports_leisure-demo-000040,09_sports_leisure,09,cd3713c9ddae3a6d,v2,2000000,,,SMD,V7,,,,
09_sports_leisure-demo-000041,09_sports_leisure,09,0449cf27eee055e8,v2,3700000,,,자이언트,R10,,,,
09_sports_leisure-demo-000042,09_sports_leisure,09,1bc090c4a2db5830,v2,75000,,,오디세이,화이트핫 5,,,,
09_sports_leisure-demo-000043,09_sports_leisure,09,1467ccea77b29530,v2,305000,,,야마하,칼라스 70,,,,
09_sports_leisure-demo-000044,09_sports_leisure,09,fc8711b705206014,v2,70000,,,삼천리,펠릭스,,,,
09_sports_leisure-demo-000045,09_sports_leisure,09,44fe0a8d63d807ba,v2,1250000,,,메리다,TC-201,,,,
09_sports_leisure-demo-000046,09_sports_leisure,09,e28c95436eebacd3,v2,80000,,,위더피플,엑스트론프로,,,,
09_sports_leisure-demo-000047,09_sports_leisure,09,6b866c16a2a0ef8f,v2,1300000,,,이와키,스프린트,,,,
09_sports_leisure-demo-000048,09_sports_leisure,09,89147ea8ac2e8a99,v2,741422,,,미즈노,FCR2,,,,
09_sports_leisure-demo-000049,09_sports_leisure,09,8ad7bbc8c50279cd,v2,500000,,,엔진11,크릿디 2024,,,,
09_sports_leisure-demo-000050,09_sports_leisure,09,d8ea33b0f7415503,v2,1200000,,,알톤,파이톤 20,,,,
09_sports_leisure-demo-000051,09_sports_leisure,09,d6c825bdb356bbbe,v2,550000,,,자이언트,리볼트2,,,,
09_sports_leisure-demo-000052,09_sports_leisure,09,c827bc61b2ddbd27,v2,4700000,,,Cervelo,S5,,,,
09_sports_leisure-demo-000053,09_sports_leisure,09,38790ba43769da2e,v2,108000,,,젝시오,MP600,,,,
09_sports_leisure-demo-000054,09_sports_leisure,09,3fcc8ff16e259730,v2,250000,,,히로마쓰 모토,MK-GOLD,,,,
09_sports_leisure-demo-000055,09_sports_leisure,09,e3d08fecd1d7c935,v2,1250000,,,히토미혼마,5스타,,,,
09_sports_leisure-demo-000056,09_sports_leisure,09,c827bc61b2ddbd27,v2,4700000,,,Cervelo,트러스티 러스티,,,,
09_sports_leisure-demo-000057,09_sports_leisure,09,89147ea8ac2e8a99,v2,789137,,,테일러메이드,904,,,,
09_sports_leisure-demo-000058,09_sports_leisure,09,da6f18d1009e3d50,v2,280000,,,자이언트,이스케이프2,,,,
09_sports_leisure-demo-000059,09_sports_leisure,09,e28c95436eebacd3,v2,80000,,,위더피플,U22,,,,
09_sports_leisure-demo-000060,09_sports_leisure,09,14c7617b0b4dfd49,v2,505481,,,캘러웨이,버나드 2019년식,,,,
09_sports_leisure-demo-000061,09_sports_leisure,09,2a90180f2249608b,v2,1490000,,,알톤,코디악 G7 그래블,,,,
09_sports_leisure-demo-000062,09_sports_leisure,09,d87e72a74e2fafa5,v2,990000,,,미즈노,GO9,,,,
09_sports_leisure-demo-000063,09_sports_leisure,09,2d1083b6a9ca02a6,v2,460000,,,랑케레이시,XT750,,,,
09_sports_leisure-demo-000064,09_sports_leisure,09,9e9683263e60bd03,v2,850000,,,비앙키,니로네7,,,,
09_sports_leisure-demo-000065,09_sports_leisure,09,3fcc8ff16e259730,v2,250000,,,히로마쓰 모토,MK-GOLD,,,,
09_sports_leisure-demo-000066,09_sports_leisure,09,65fb9d3cf0bd7000,v2,750000,,,투어스테이지,Z TX,,,,
09_sports_leisure-demo-000067,09_sports_leisure,09,9e9683263e60bd03,v2,850000,,,PGA,니로네7,,,,
09_sports_leisure-demo-000068,09_sports_leisure,09,4c8c752d2097023a,v2,58000,,,오디세이,크림슨 시리즈 770,,,,
09_sports_leisure-demo-000069,09_sports_leisure,09,c60788dbeffeeed5,v2,620000,,,트위터,R10,,,,
09_sports_leisure-demo-000070,09_sports_leisure,09,c60788dbeffeeed5,v2,620000,,,트위터,R10,,,,
09_sports_leisure-demo-000071,09_sports_leisure,09,14c7617b0b4dfd49,v2,210000,,,캘러웨이,V300 III,,,,
09_sports_leisure-demo-000072,09_sports_leisure,09,b542de6a42b832fb,v2,75000,,,나이키,SQ 460,,,,
09_sports_leisure-demo-000073,09_sports_leisure,09,6cdac14713f1f136,v2,990000,,,핑,MK-GOLD,,,,
09_sports_leisure-demo-000074,09_sports_leisure,09,3f2c62d3ddc33d5d,v2,1200000,,,자이언트,Propel Advanced 1 Pro,,,,
09_sports_leisure-demo-000075,09_sports_leisure,09,5bdbe8bc823762b4,v2,48000,,,로얄콜렉션,슈퍼 CV TRC,,,,
09_sports_leisure-demo-000076,09_sports_leisure,09,6ac5d7ae5952ac1e,v2,1600000,,,자이언트,플래티넘 에디션,,,,
09_sports_leisure-demo-000077,09_sports_leisure,09,5b3194901442bc35,v2,410000,,,XDS,712,,,,
09_sports_leisure-demo-000078,09_sports_leisure,09,89147ea8ac2e8a99,v2,814040,,,미즈노,프로펠 어드벤스 프로0 di2,,,,
09_sports_leisure-demo-000079,09_sports_leisure,09,3a532c5444c484a3,v2,850000,,,테일러메이드,R10,,,,
09_sports_leisure-demo-000080,09_sports_leisure,09,b5257b9dfa2d3cac,v2,1350000,,,인피자,HT500,,,,
09_sports_leisure-demo-000081,09_sports_leisure,09,218c0aa10ed7e182,v2,80000,,,Callaway,warbird,,,,
09_sports_leisure-demo-000082,09_sports_leisure,09,24a4444388f43a6e,v2,120000,,,알톤,미니 비토,,,,
09_sports_leisure-demo-000083,09_sports_leisure,09,6cdac14713f1f136,v2,790000,,,핑,EDGE,,,,
09_sports_leisure-demo-000084,09_sports_leisure,09,0f4d64d43e507526,v2,450000,,,테일러메이드+캘러웨이,SL5 디스크,,,,
09_sports_leisure-demo-000085,09_sports_leisure,09,2d1083b6a9ca02a6,v2,460000,,,랑케레이시,XT750,,,,
09_sports_leisure-demo-000086,09_sports_leisure,09,8b19c1d973325455,v2,450000,,,메리다,스컬트라300,,,,
09_sports_leisure-demo-000087,09_sports_leisure,09,89147ea8ac2e8a99,v2,795507,,,미즈노,앤썸X,,,,
09_sports_leisure-demo-000088,09_sports_leisure,09,29e51dd16d670b29,v2,430000,,,삼천리,칼라스 70,,,,
09_sports_leisure-demo-000089,09_sports_leisure,09,218c0aa10ed7e182,v2,80000,,,Callaway,warbird,,,,
09_sports_leisure-demo-000090,09_sports_leisure,09,89147ea8ac2e8a99,v2,772383,,,미즈노,이스케이프2,,,,
09_sports_leisure-demo-000091,09_sports_leisure,09,89147ea8ac2e8a99,v2,752291,,,미즈노,리볼트 어드밴스 프로 1,,,,
09_sports_leisure-demo-000092,09_sports_leisure,09,b5257b9dfa2d3cac,v2,1350000,,,인피자,HT500,,,,
09_sports_leisure-demo-000093,09_sports_leisure,09,e927129b206e03bc,v2,58000,,,삼천리,타입9,,,,
09_sports_leisure-demo-000094,09_sports_leisure,09,8b19c1d973325455,v2,450000,,,메리다,ES590,,,,
09_sports_leisure-demo-000095,09_sports_leisure,09,89147ea8ac2e8a99,v2,743648,,,미즈노,5스타,,,,
09_sports_leisure-demo-000096,09_sports_leisure,09,d41dcc34ffc9ad3d,v2,930000,,,휠러,CHILI,,,,
09_sports_leisure-demo-000097,09_sports_leisure,09,8ad7bbc8c50279cd,v2,500000,,,엔진11,크릿디 2024,,,,
09_sports_leisure-demo-000098,09_sports_leisure,09,5e5c67e90393ec74,v2,500000,,,엘파마,e2000D,,,,
09_sports_leisure-demo-000099,09_sports_leisure,09,53bfb100455982fe,v2,40000,,,마루망,5스타,,,,
09_sports_leisure-demo-000100,09_sports_leisure,09,902dd503fe8808a2,v2,390000,,,엘로드,TCR 어드밴스 2 KOM 2024,,,,
09_sports_leisure-demo-000101,09_sports_leisure,09,de6653bdea0de747,v2,1550000,,,리파인드,리파인드 7,,,,
09_sports_leisure-demo-000102,09_sports_leisure,09,dd50ef1565fdd562,v2,82000,,,젝시오,MP100,,,,
09_sports_leisure-demo-000103,09_sports_leisure,09,ba1087264dfb85fc,v2,50000,,,이와키,로사 몬자,,,,
09_sports_leisure-demo-000104,09_sports_leisure,09,09174ba9cb4d90e8,v2,280000,,,켈러웨이,R10,,,,
09_sports_leisure-demo-000105,09_sports_leisure,09,1467ccea77b29530,v2,305000,,,야마하,3S,,,,
09_sports_leisure-demo-000106,09_sports_leisure,09,06a6318c48138df1,v2,40000,,,SYARD,미니 비토,,,,
09_sports_leisure-demo-000107,09_sports_leisure,09,c60788dbeffeeed5,v2,620000,,,트위터,R10,,,,
09_sports_leisure-demo-000108,09_sports_leisure,09,3a532c5444c484a3,v2,850000,,,테일러메이드,R10,,,,
09_sports_leisure-demo-000109,09_sports_leisure,09,525b7b2c661c1235,v2,450000,,,이와키,TC-201,,,,
09_sports_leisure-demo-000110,09_sports_leisure,09,3a532c5444c484a3,v2,780704,,,테일러메이드,E-ROADSTAR,,,,
09_sports_leisure-demo-000111,09_sports_leisure,09,a3e13bf6998d3d15,v2,50000,,,PGA,5스타,,,,
09_sports_leisure-demo-000112,09_sports_leisure,09,6753400f81f23544,v2,550000,,,콘스탄틴,디스페랄,,,,
09_sports_leisure-demo-000113,09_sports_leisure,09,d41dcc34ffc9ad3d,v2,930000,,,휠러,CHILI,,,,
09_sports_leisure-demo-000114,09_sports_leisure,09,2d1083b6a9ca02a6,v2,460000,,,랑케레이시,XT750,,,,
09_sports_leisure-demo-000115,09_sports_leisure,09,29e51dd16d670b29,v2,430000,,,삼천리,칼라스 70,,,,
09_sports_leisure-demo-000116,09_sports_leisure,09,9e9683263e60bd03,v2,850000,,,비앙키,니로네7,,,,
09_sports_leisure-demo-000117,09_sports_leisure,09,9783a760b3a6a838,v2,200000,,,데이비드,e2000D,,,,
09_sports_leisure-demo-000118,09_sports_leisure,09,c827bc61b2ddbd27,v2,4700000,,,Cervelo,INPRES RMX CB FORGED,,,,
09_sports_leisure-demo-000119,09_sports_leisure,09,c425ad583137c599,v2,520000,,,트렉,마린6 2022,,,,
09_sports_leisure-demo-000120,09_sports_leisure,09,5c18029388b1f6cd,v2,130000,,,알톤,14D,,,,
09_sports_leisure-demo-000121,09_sports_leisure,09,b2605246bb437c3c,v2,530000,,,메리다,스컬트라100,,,,
09_sports_leisure-demo-000122,09_sports_leisure,09,14c7617b0b4dfd49,v2,374326,,,캘러웨이,RAZR,,,,
09_sports_leisure-demo-000123,09_sports_leisure,09,d6c825bdb356bbbe,v2,550000,,,자이언트,뉴웨이브20,,,,
09_sports_leisure-demo-000124,09_sports_leisure,09,3a532c5444c484a3,v2,573935,,,테일러메이드,핏큐브 바이크,,,,
09_sports_leisure-demo-000125,09_sports_leisure,09,3a532c5444c484a3,v2,850000,,,테일러메이드,MK-GOLD,,,,
09_sports_leisure-demo-000126,09_sports_leisure,09,3a532c5444c484a3,v2,475935,,,테일러메이드,V300 III,,,,
09_sports_leisure-demo-000127,09_sports_leisure,09,6bfd6da6a41e93a5,v2,74000,,,캘러웨이,하이퍼 ERC,,,,
09_sports_leisure-demo-000128,09_sports_leisure,09,4c8c752d2097023a,v2,58000,,,오디세이,ES590,,,,
09_sports_leisure-demo-000129,09_sports_leisure,09,6cdac14713f1f136,v2,990000,,,핑,XR 포지드,,,,
09_sports_leisure-demo-000130,09_sports_leisure,09,e3d08fecd1d7c935,v2,1250000,,,히토미혼마,5스타,,,,
09_sports_leisure-demo-000131,09_sports_leisure,09,3a532c5444c484a3,v2,438923,,,테일러메이드,Quincy,,,,
09_sports_leisure-demo-000132,09_sports_leisure,09,b34a95203b7a4c67,v2,59000,,,핑,앤서,,,,
09_sports_leisure-demo-000133,09_sports_leisure,09,0449cf27eee055e8,v2,3700000,,,자이언트,프로0 디스크,,,,
09_sports_leisure-demo-000134,09_sports_leisure,09,2d1083b6a9ca02a6,v2,460000,,,랑케레이시,XT750,,,,
09_sports_leisure-demo-000135,09_sports_leisure,09,35adb782217227f7,v2,800000,,,메리다,스컬트라 100 2025,,,,
09_sports_leisure-demo-000136,09_sports_leisure,09,d8ea33b0f7415503,v2,1200000,,,알톤,파이톤 20,,,,
09_sports_leisure-demo-000137,09_sports_leisure,09,089de61793732e18,v2,490000,,,엘파마,"레이다 R5800, 에포카 E5800",,,,
09_sports_leisure-demo-000138,09_sports_leisure,09,0e19800cbfe1cc39,v2,40000,,,헤드,JPX 포지드,,,,
09_sports_leisure-demo-000139,09_sports_leisure,09,89147ea8ac2e8a99,v2,846307,,,미즈노,GO9,,,,
09_sports_leisure-demo-000140,09_sports_leisure,09,3a532c5444c484a3,v2,721585,,,테일러메이드,3S,,,,
09_sports_leisure-demo-000141,09_sports_leisure,09,089de61793732e18,v2,490000,,,엘파마,"레이다 R5800, 에포카 E5800",,,,
09_sports_leisure-demo-000142,09_sports_leisure,09,ecbd6fc79b298491,v2,75000,,,젝시오,MP300,,,,
09_sports_leisure-demo-000143,09_sports_leisure,09,14c7617b0b4dfd49,v2,356966,,,캘러웨이,Z TX,,,,
09_sports_leisure-demo-000144,09_sports_leisure,09,cf8580d3112f937c,v2,1200000,,,슬릭엣지,MP200,,,,
09_sports_leisure-demo-000145,09_sports_leisure,09,f9ad8baf18ce3dee,v2,380000,,,요넥스,3S,,,,
09_sports_leisure-demo-000146,09_sports_leisure,09,4ef1acd64ab14163,v2,430000,,,엘파마,FCR2,,,,
09_sports_leisure-demo-000147,09_sports_leisure,09,8bb1716b11027b5b,v2,800000,,,모토벨로,A10 프로,,,,
09_sports_leisure-demo-000148,09_sports_leisure,09,b542de6a42b832fb,v2,75000,,,나이키,SQ 460,,,,
09_sports_leisure-demo-000149,09_sports_leisure,09,f1a50f97f2a77f00,v2,740000,,,투어스테이지,HT500,,,,
09_sports_leisure-demo-000150,09_sports_leisure,09,1667e1f0f2e36fff,v2,340000,,,트렉,FX1,,,,
09_sports_leisure-demo-000151,09_sports_leisure,09,06a6318c48138df1,v2,40000,,,SYARD,슈퍼 CV SFD,,,,
09_sports_leisure-demo-000152,09_sports_leisure,09,3f2c62d3ddc33d5d,v2,1200000,,,자이언트,Propel Advanced 1 Pro,,,,
09_sports_leisure-demo-000153,09_sports_leisure,09,686f4e1e317fde8b,v2,270000,,,블랙캣,D50 MTB,,,,
09_sports_leisure-demo-000154,09_sports_leisure,09,778e427bda624da6,v2,780000,,,GIOS,STILO,,,,
09_sports_leisure-demo-000155,09_sports_leisure,09,c425ad583137c599,v2,520000,,,트렉,마린6 2022,,,,
09_sports_leisure-demo-000156,09_sports_leisure,09,6acb0639029ff3ec,v2,980000,,,자이언트,TCR Advanced 1 KOM,,,,
09_sports_leisure-demo-000157,09_sports_leisure,09,a3e13bf6998d3d15,v2,50000,,,PGA,TC-201,,,,
09_sports_leisure-demo-000158,09_sports_leisure,09,b253ef8d387d4dc3,v2,430000,,,알톤,프로펠 어드벤스 프로0 di2,,,,
09_sports_leisure-demo-000159,09_sports_leisure,09,009ebecf164f7699,v2,64000,,,테일러메이드,ZTP,,,,
09_sports_leisure-demo-000160,09_sports_leisure,09,9573cd64bec5aae2,v2,160000,,,노스웨이,에딕트 15 Di2,,,,
09_sports_leisure-demo-000161,09_sports_leisure,09,a3e13bf6998d3d15,v2,50000,,,PGA,룰렛,,,,
09_sports_leisure-demo-000162,09_sports_leisure,09,8bb1716b11027b5b,v2,800000,,,모토벨로,A10 프로,,,,
09_sports_leisure-demo-000163,09_sports_leisure,09,fade30f0e035d701,v2,1200000,,,자이언트,패스트로드 어드밴스 AR 1,,,,
09_sports_leisure-demo-000164,09_sports_leisure,09,778e427bda624da6,v2,780000,,,GIOS,STILO,,,,
09_sports_leisure-demo-000165,09_sports_leisure,09,b253ef8d387d4dc3,v2,430000,,,알톤,니모FD 에디션,,,,
09_sports_leisure-demo-000166,09_sports_leisure,09,3a532c5444c484a3,v2,850000,,,테일러메이드,스케일 RC 팀 이슈 2023,,,,
09_sports_leisure-demo-000167,09_sports_leisure,09,5bdbe8bc823762b4,v2,48000,,,로얄콜렉션,FX1,,,,
09_sports_leisure-demo-000168,09_sports_leisure,09,cf8580d3112f937c,v2,1200000,,,엔진11,ES590,,,,
09_sports_leisure-demo-000169,09_sports_leisure,09,bfb5e30aeedf6b33,v2,520000,,,다이와,Langma Advanced Pro Disc 0 2022,,,,
09_sports_leisure-demo-000170,09_sports_leisure,09,54dde0f8dfb65746,v2,490000,,,메리다,904,,,,
09_sports_leisure-demo-000171,09_sports_leisure,09,d1357c04efabe243,v2,50000,,,젝시오,3000,,,,
09_sports_leisure-demo-000172,09_sports_leisure,09,89147ea8ac2e8a99,v2,858827,,,미즈노,솔레이어 105,,,,
09_sports_leisure-demo-000173,09_sports_leisure,09,14c7617b0b4dfd49,v2,513795,,,캘러웨이,프로펠 어드벤스 프로0 di2,,,,
09_sports_leisure-demo-000174,09_sports_leisure,09,fc8711b705206014,v2,70000,,,삼천리,펠릭스,,,,
09_sports_leisure-demo-000175,09_sports_leisure,09,376e30da7d76fc30,v2,17000,,,넥스젠,ND001,,,,
09_sports_leisure-demo-000176,09_sports_leisure,09,24a4444388f43a6e,v2,120000,,,코브라,미니 비토,,,,
09_sports_leisure-demo-000177,09_sports_leisure,09,3f2c62d3ddc33d5d,v2,1200000,,,자이언트,Propel Advanced 1 Pro,,,,
09_sports_leisure-demo-000178,09_sports_leisure,09,565b6d996dd0b676,v2,2000000,,,SCOTT,에딕트 15 Di2,,,,
09_sports_leisure-demo-000179,09_sports_leisure,09,e927129b206e03bc,v2,58000,,,스팔딩,타입9,,,,
09_sports_leisure-demo-000180,09_sports_leisure,09,a4c2d27566ca4ca3,v2,520000,,,KAISER,루멘스700,,,,
09_sports_leisure-demo-000181,09_sports_leisure,09,e927129b206e03bc,v2,58000,,,스팔딩,타입9,,,,
09_sports_leisure-demo-000182,09_sports_leisure,09,836709c137a7d758,v2,1080000,,,BESV,warbird,,,,
09_sports_leisure-demo-000183,09_sports_leisure,09,f1dd60067c86f9e6,v2,280000,,,테일러메이드,버나드 2019년식,,,,
09_sports_leisure-demo-000184,09_sports_leisure,09,a7aad7afb0886372,v2,100000,,,메리다,루멘스700,,,,
09_sports_leisure-demo-000185,09_sports_leisure,09,89147ea8ac2e8a99,v2,723777,,,미즈노,뉴웨이브20,,,,
09_sports_leisure-demo-000186,09_sports_leisure,09,d87e72a74e2fafa5,v2,990000,,,세임 바이커,GO9,,,,
09_sports_leisure-demo-000187,09_sports_leisure,09,96a25adb37402db9,v2,790000,,,다혼,뉴웨이브20,,,,
09_sports_leisure-demo-000188,09_sports_leisure,09,7dc47bf16f3b5d2a,v2,600000,,,"테일러메이드, 타이틀, 카스코, rife",712,,,,
09_sports_leisure-demo-000189,09_sports_leisure,09,16888b0e7fcf76e4,v2,1700000,,,자이언트,INPRES RMX CB FORGED,,,,
09_sports_leisure-demo-000190,09_sports_leisure,09,77f7d8c4b64db622,v2,60000,,,알톤,BW02,,,,
09_sports_leisure-demo-000191,09_sports_leisure,09,9e9683263e60bd03,v2,850000,,,비앙키,니로네7,,,,
09_sports_leisure-demo-000192,09_sports_leisure,09,6cdac14713f1f136,v2,790000,,,핑,XR 포지드,,,,
09_sports_leisure-demo-000193,09_sports_leisure,09,b5d0c0c3641d06d0,v2,110000,,,브리지스톤,XYBER,,,,
09_sports_leisure-demo-000194,09_sports_leisure,09,c60788dbeffeeed5,v2,620000,,,비앙키,R10,,,,
09_sports_leisure-demo-000195,09_sports_leisure,09,b4fee045faecfee4,v2,590000,,,타이틀리스트,E2000D,,,,
09_sports_leisure-demo-000196,09_sports_leisure,09,9783a760b3a6a838,v2,200000,,,데이비드,JPX 포지드,,,,
09_sports_leisure-demo-000197,09_sports_leisure,09,38790ba43769da2e,v2,108000,,,젝시오,MP600,,,,
09_sports_leisure-demo-000198,09_sports_leisure,09,6b866c16a2a0ef8f,v2,1300000,,,비앙키,스프린트,,,,
09_sports_leisure-demo-000199,09_sports_leisure,09,fade30f0e035d701,v2,1200000,,,자이언트,패스트로드 어드밴스 AR 1,,,,
09_sports_leisure-demo-000200,09_sports_leisure,09,96a25adb37402db9,v2,790000,,,다혼,뉴웨이브20,,,,
09_sports_leisure-demo-000201,09_sports_leisure,09,686f4e1e317fde8b,v2,270000,,,블랙캣,D50 MTB,,,,
09_sports_leisure-demo-000202,09_sports_leisure,09,4c5deb2faa560640,v2,245000,,,첼로,솔레이어 105,,,,
09_sports_leisure-demo-000203,09_sports_leisure,09,5bdbe8bc823762b4,v2,48000,,,로얄콜렉션,슈퍼 CV TRC,,,,
09_sports_leisure-demo-000204,09_sports_leisure,09,89147ea8ac2e8a99,v2,688043,,,미즈노,R대,,,,
09_sports_leisure-demo-000205,09_sports_leisure,09,9854e78186a6a02a,v2,4500000,,,벨로스타,U22,,,,
09_sports_leisure-demo-000206,09_sports_leisure,09,16888b0e7fcf76e4,v2,1700000,,,자이언트,리볼트 어드밴스 프로 1,,,,
09_sports_leisure-demo-000207,09_sports_leisure,09,9a9616f81ea4cca2,v2,53000,,,핑,TC-201,,,,
09_sports_leisure-demo-000208,09_sports_leisure,09,a961ff12c5db10de,v2,4200000,,,자이언트,프로펠 어드벤스 프로0 di2,,,,
09_sports_leisure-demo-000209,09_sports_leisure,09,6753400f81f23544,v2,550000,,,콘스탄틴,디스페랄,,,,
09_sports_leisure-demo-000210,09_sports_leisure,09,deb6d59be8f66f19,v2,68000,,,테일러메이드,XR 포지드,,,,
09_sports_leisure-demo-000211,09_sports_leisure,09,cd3713c9ddae3a6d,v2,2500000,,,SMD,V7,,,,
09_sports_leisure-demo-000212,09_sports_leisure,09,d10982cc68f491e6,v2,120000,,,마루망,CHILI,,,,
09_sports_leisure-demo-000213,09_sports_leisure,09,d6c825bdb356bbbe,v2,550000,,,자이언트,리볼트2,,,,
09_sports_leisure-demo-000214,09_sports_leisure,09,7292b51f846868f1,v2,830000,,,콘스탄틴,디스페랄 2024,,,,
09_sports_leisure-demo-000215,09_sports_leisure,09,7dc47bf16f3b5d2a,v2,600000,,,"테일러메이드, 타이틀, 카스코, rife",712,,,,
09_sports_leisure-demo-000216,09_sports_leisure,09,29e51dd16d670b29,v2,430000,,,삼천리,칼라스 70,,,,
09_sports_leisure-demo-000217,09_sports_leisure,09,6753400f81f23544,v2,550000,,,콘스탄틴,디스페랄,,,,
09_sports_leisure-demo-000218,09_sports_leisure,09,53bfb100455982fe,v2,690000,,,마루망,U22,,,,
09_sports_leisure-demo-000219,09_sports_leisure,09,e28c95436eebacd3,v2,80000,,,스텔스,리파인드 7,,,,
09_sports_leisure-demo-000220,09_sports_leisure,09,8bb1716b11027b5b,v2,800000,,,모토벨로,A10 프로,,,,
09_sports_leisure-demo-000221,09_sports_leisure,09,3a532c5444c484a3,v2,552693,,,테일러메이드,TX-V,,,,
09_sports_leisure-demo-000222,09_sports_leisure,09,3f2c62d3ddc33d5d,v2,1200000,,,슬릭엣지,Propel Advanced 1 Pro,,,,
09_sports_leisure-demo-000223,09_sports_leisure,09,a7aad7afb0886372,v2,100000,,,SERFAS,루멘스700,,,,
09_sports_leisure-demo-000224,09_sports_leisure,09,74350705a8efa940,v2,300000,,,트위터,레오파드30단,,,,
09_sports_leisure-demo-000225,09_sports_leisure,09,089de61793732e18,v2,490000,,,엘파마,"레이다 R5800, 에포카 E5800",,,,
09_sports_leisure-demo-000226,09_sports_leisure,09,82309a33ccbf22f0,v2,750000,,,자이언트,TCR 어드밴스0 2018,,,,
09_sports_leisure-demo-000227,09_sports_leisure,09,14c7617b0b4dfd49,v2,210000,,,캘러웨이,e2000D,,,,
09_sports_leisure-demo-000228,09_sports_leisure,09,3b8222725d1383d7,v2,1400000,,,스페셜라이즈드,Tarmac SL5,,,,
09_sports_leisure-demo-000229,09_sports_leisure,09,77f7d8c4b64db622,v2,60000,,,브리지스톤,BW02,,,,
09_sports_leisure-demo-000230,09_sports_leisure,09,8e3094684bea4b49,v2,3000000,,,스캇,스케일 RC 팀 이슈 2023,,,,
09_sports_leisure-demo-000231,09_sports_leisure,09,6cdac14713f1f136,v2,1190000,,,핑,Domane AL2,,,,
09_sports_leisure-demo-000232,09_sports_leisure,09,7bcfcb27855e1906,v2,48000,,,로얄콜렉션,슈퍼 CV BBD 타입H,,,,
09_sports_leisure-demo-000233,09_sports_leisure,09,e3907fa50f10728a,v2,98000,,,MARUMAN,버나드 2019년식,,,,
09_sports_leisure-demo-000234,09_sports_leisure,09,836709c137a7d758,v2,1080000,,,BESV,카멜레온,,,,
09_sports_leisure-demo-000235,09_sports_leisure,09,82309a33ccbf22f0,v2,750000,,,자이언트,TCR 어드밴스0 2018,,,,
09_sports_leisure-demo-000236,09_sports_leisure,09,14c7617b0b4dfd49,v2,690000,,,캘러웨이,크릿디,,,,
09_sports_leisure-demo-000237,09_sports_leisure,09,259dcba6d8005906,v2,490000,,,야마하,KP-O3,,,,
09_sports_leisure-demo-000238,09_sports_leisure,09,6882d3ebea5ea0a0,v2,550000,,,핑,디스페랄 2022,,,,
09_sports_leisure-demo-000239,09_sports_leisure,09,2d1083b6a9ca02a6,v2,460000,,,랑케레이시,XT750,,,,
09_sports_leisure-demo-000240,09_sports_leisure,09,e28c95436eebacd3,v2,80000,,,위더피플,자이언트 프로펠 어드밴스1,,,,
09_sports_leisure-demo-000241,09_sports_leisure,09,9854e78186a6a02a,v2,4500000,,,벨로스타,U22,,,,
09_sports_leisure-demo-000242,09_sports_leisure,09,96a25adb37402db9,v2,790000,,,다혼,뉴웨이브20,,,,
09_sports_leisure-demo-000243,09_sports_leisure,09,cef633911195a476,v2,160000,,,쓰루야,Quincy,,,,
09_sports_leisure-demo-000244,09_sports_leisure,09,a9eba576530636d5,v2,70000,,,세임 바이커,리볼트2,,,,
09_sports_leisure-demo-000245,09_sports_leisure,09,89147ea8ac2e8a99,v2,779022,,,미즈노,Langma Advanced Pro Disc 0 2022,,,,
09_sports_leisure-demo-000246,09_sports_leisure,09,89147ea8ac2e8a99,v2,796043,,,미즈노,크릿디,,,,
09_sports_leisure-demo-000247,09_sports_leisure,09,1667e1f0f2e36fff,v2,340000,,,트렉,FX1,,,,
09_sports_leisure-demo-000248,09_sports_leisure,09,89147ea8ac2e8a99,v2,729497,,,미즈노,XV 2.4,,,,
09_sports_leisure-demo-000249,09_sports_leisure,09,5bdbe8bc823762b4,v2,48000,,,로얄콜렉션,슈퍼 CV TRC,,,,
09_sports_leisure-demo-000250,09_sports_leisure,09,009ebecf164f7699,v2,64000,,,테일러메이드,ZTP,,,,
09_sports_leisure-demo-000251,09_sports_leisure,09,9a9616f81ea4cca2,v2,53000,,,세임 바이커,앤서3,,,,
09_sports_leisure-demo-000252,09_sports_leisure,09,1c81967f18413f67,v2,3000000,,,Liv,Langma Advanced Pro Disc 0 2022,,,,
09_sports_leisure-demo-000253,09_sports_leisure,09,133634c99af029a6,v2,345000,,,프로기어(PRGR),iD nabla RS,,,,
09_sports_leisure-demo-000254,09_sports_leisure,09,4c5deb2faa560640,v2,245000,,,첼로,솔레이어 105,,,,
09_sports_leisure-demo-000255,09_sports_leisure,09,54dde0f8dfb65746,v2,490000,,,메리다,904,,,,
09_sports_leisure-demo-000256,09_sports_leisure,09,21faeb640f6b5f8d,v2,1400000,,,마이클블라스터,아웃사이더4.0,,,,
09_sports_leisure-demo-000257,09_sports_leisure,09,259dcba6d8005906,v2,490000,,,야마하,INPRES RMX CB FORGED,,,,
09_sports_leisure-demo-000258,09_sports_leisure,09,1467ccea77b29530,v2,305000,,,야마하,버나드 2019년식,,,,
09_sports_leisure-demo-000259,09_sports_leisure,09,5e5c67e90393ec74,v2,500000,,,엘파마,E2000D,,,,
09_sports_leisure-demo-000260,09_sports_leisure,09,2ad65d448c13ad33,v2,300000,,,젝시오,XYBER,,,,
09_sports_leisure-demo-000261,09_sports_leisure,09,7366d86389b6ff5f,v2,570000,,,prgr,R대,,,,
09_sports_leisure-demo-000262,09_sports_leisure,09,38790ba43769da2e,v2,105000,,,젝시오,MP600,,,,
09_sports_leisure-demo-000263,09_sports_leisure,09,fc8711b705206014,v2,70000,,,삼천리,펠릭스,,,,
09_sports_leisure-demo-000264,09_sports_leisure,09,d87e72a74e2fafa5,v2,990000,,,쓰루야,GO9,,,,
09_sports_leisure-demo-000265,09_sports_leisure,09,615492f8a32a42f8,v2,150000,,,카타나,ENA,,,,
09_sports_leisure-demo-000266,09_sports_leisure,09,89147ea8ac2e8a99,v2,815402,,,미즈노,JPX 800,,,,
09_sports_leisure-demo-000267,09_sports_leisure,09,d41dcc34ffc9ad3d,v2,930000,,,휠러,CHILI,,,,
09_sports_leisure-demo-000268,09_sports_leisure,09,d6c825bdb356bbbe,v2,550000,,,자이언트,리볼트2,,,,
09_sports_leisure-demo-000269,09_sports_leisure,09,89147ea8ac2e8a99,v2,792901,,,미즈노,warbird,,,,
09_sports_leisure-demo-000270,09_sports_leisure,09,0e19800cbfe1cc39,v2,40000,,,벨로라인,슈퍼 CV BBD 타입H,,,,
09_sports_leisure-demo-000271,09_sports_leisure,09,89147ea8ac2e8a99,v2,741896,,,미즈노,Tourney,,,,
09_sports_leisure-demo-000272,09_sports_leisure,09,85ec4809dd38fcec,v2,67000,,,코브라,트러스티 러스티,,,,
09_sports_leisure-demo-000273,09_sports_leisure,09,7e7c9696458d23b9,v2,1150000,,,캐니언,Ultimate CF SL 8.0 Di2,,,,
09_sports_leisure-demo-000274,09_sports_leisure,09,82309a33ccbf22f0,v2,750000,,,자이언트,TCR 어드밴스0 2018,,,,
09_sports_leisure-demo-000275,09_sports_leisure,09,65fb9d3cf0bd7000,v2,750000,,,투어스테이지,V300 III,,,,
09_sports_leisure-demo-000276,09_sports_leisure,09,53bfb100455982fe,v2,40000,,,미즈노,화이트핫 5,,,,
09_sports_leisure-demo-000277,09_sports_leisure,09,b5257b9dfa2d3cac,v2,1350000,,,인피자,HT500,,,,
09_sports_leisure-demo-000278,09_sports_leisure,09,dd50ef1565fdd562,v2,82000,,,젝시오,MP100,,,,
09_sports_leisure-demo-000279,09_sports_leisure,09,c60788dbeffeeed5,v2,620000,,,트위터,R10,,,,
09_sports_leisure-demo-000280,09_sports_leisure,09,deb6d59be8f66f19,v2,68000,,,테일러메이드,XR 포지드,,,,
09_sports_leisure-demo-000281,09_sports_leisure,09,4c5deb2faa560640,v2,245000,,,티티카카,솔레이어 105,,,,
09_sports_leisure-demo-000282,09_sports_leisure,09,65fb9d3cf0bd7000,v2,750000,,,투어스테이지,V300 III,,,,
09_sports_leisure-demo-000283,09_sports_leisure,09,b4c0efb7d49d165a,v2,750000,,,나이키,904,,,,
09_sports_leisure-demo-000284,09_sports_leisure,09,b2605246bb437c3c,v2,530000,,,메리다,스컬트라100,,,,
09_sports_leisure-demo-000285,09_sports_leisure,09,e28c95436eebacd3,v2,80000,,,위더피플,3000,,,,
09_sports_leisure-demo-000286,09_sports_leisure,09,0f4d64d43e507526,v2,450000,,,테일러메이드+캘러웨이,아웃사이더4.0,,,,
09_sports_leisure-demo-000287,09_sports_leisure,09,376e30da7d76fc30,v2,17000,,,넥스젠,XV 1.9,,,,
09_sports_leisure-demo-000288,09_sports_leisure,09,f1dd60067c86f9e6,v2,280000,,,콘스탄틴,버나드 2019년식,,,,
09_sports_leisure-demo-000289,09_sports_leisure,09,77f7d8c4b64db622,v2,60000,,,브리지스톤,BW02,,,,
09_sports_leisure-demo-000290,09_sports_leisure,09,95958ccdcf665106,v2,590000,,,브릿지스톤,파이즈 PHYZ,,,,
09_sports_leisure-demo-000291,09_sports_leisure,09,658842cfaa3990b5,v2,38000,,,로얄콜렉션,슈퍼 CV SFD,,,,
09_sports_leisure-demo-000292,09_sports_leisure,09,7dc47bf16f3b5d2a,v2,600000,,,"테일러메이드, 타이틀, 카스코, rife",712,,,,
09_sports_leisure-demo-000293,09_sports_leisure,09,fc8711b705206014,v2,70000,,,마이클블라스터,펠릭스,,,,
09_sports_leisure-demo-000294,09_sports_leisure,09,38790ba43769da2e,v2,105000,,,젝시오,MP600,,,,
09_sports_leisure-demo-000295,09_sports_leisure,09,89147ea8ac2e8a99,v2,843864,,,미즈노,파이톤 20,,,,
09_sports_leisure-demo-000296,09_sports_leisure,09,778e427bda624da6,v2,780000,,,GIOS,STILO,,,,
09_sports_leisure-demo-000297,09_sports_leisure,09,f17174d652ac29b1,v2,1000000,,,코끼리,3000,,,,
09_sports_leisure-demo-000298,09_sports_leisure,09,6bfd6da6a41e93a5,v2,74000,,,캘러웨이,하이퍼 ERC,,,,
09_sports_leisure-demo-000299,09_sports_leisure,09,fade30f0e035d701,v2,1200000,,,자이언트,패스트로드 어드밴스 AR 1,,,,
09_sports_leisure-demo-000300,09_sports_leisure,09,816776eded1fbc03,v2,750000,,,캐니언,자이언트 프로펠 어드밴스1,,,,
09_sports_leisure-demo-000301,09_sports_leisure,09,5e5c67e90393ec74,v2,550000,,,엘파마,e2000D,,,,
09_sports_leisure-demo-000302,09_sports_leisure,09,3a532c5444c484a3,v2,703236,,,테일러메이드,3000,,,,
09_sports_leisure-demo-000303,09_sports_leisure,09,778e427bda624da6,v2,780000,,,GIOS,STILO,,,,
09_sports_leisure-demo-000304,09_sports_leisure,09,e3907fa50f10728a,v2,98000,,,MARUMAN,v7,,,,
09_sports_leisure-demo-000305,09_sports_leisure,09,e0254356d0460b90,v2,84000,,,스릭슨,파이톤 20,,,,
09_sports_leisure-demo-000306,09_sports_leisure,09,85ec4809dd38fcec,v2,67000,,,코브라,트러스티 러스티,,,,
09_sports_leisure-demo-000307,09_sports_leisure,09,b34a95203b7a4c67,v2,59000,,,핑,앤서,,,,
09_sports_leisure-demo-000308,09_sports_leisure,09,b253ef8d387d4dc3,v2,430000,,,알톤,니모FD 에디션,,,,
09_sports_leisure-demo-000309,09_sports_leisure,09,53bfb100455982fe,v2,690000,,,마루망,MP100,,,,
09_sports_leisure-demo-000310,09_sports_leisure,09,3a532c5444c484a3,v2,850000,,,테일러메이드,마린6 2022,,,,
09_sports_leisure-demo-000311,09_sports_leisure,09,98afa0164eb7323d,v2,490000,,,젝시오,FORGED,,,,
09_sports_leisure-demo-000312,09_sports_leisure,09,942a94d37ba713b7,v2,298000,,,티티카카,P8HD,,,,
09_sports_leisure-demo-000313,09_sports_leisure,09,fb78d8a1143a6991,v2,450000,,,엔진11,크릿디,,,,
09_sports_leisure-demo-000314,09_sports_leisure,09,b542de6a42b832fb,v2,75000,,,나이키,SQ 460,,,,
09_sports_leisure-demo-000315,09_sports_leisure,09,3f2c62d3ddc33d5d,v2,1200000,,,테일러메이드,Propel Advanced 1 Pro,,,,
09_sports_leisure-demo-000316,09_sports_leisure,09,06a6318c48138df1,v2,40000,,,SYARD,피타,,,,
09_sports_leisure-demo-000317,09_sports_leisure,09,14c7617b0b4dfd49,v2,271912,,,캘러웨이,니모FD 에디션,,,,
09_sports_leisure-demo-000318,09_sports_leisure,09,9aaf9e47a839cbf8,v2,1200000,,,퀄리,엑스트론프로,,,,
09_sports_leisure-demo-000319,09_sports_leisure,09,38790ba43769da2e,v2,100000,,,젝시오,MP600,,,,
09_sports_leisure-demo-000320,09_sports_leisure,09,1667e1f0f2e36fff,v2,340000,,,트렉,에딕트 15 Di2,,,,
09_sports_leisure-demo-000321,09_sports_leisure,09,7366d86389b6ff5f,v2,570000,,,prgr,712,,,,
09_sports_leisure-demo-000322,09_sports_leisure,09,1467ccea77b29530,v2,305000,,,야마하,디스페랄 2024,,,,
09_sports_leisure-demo-000323,09_sports_leisure,09,d41dcc34ffc9ad3d,v2,930000,,,휠러,CHILI,,,,
09_sports_leisure-demo-000324,09_sports_leisure,09,77f7d8c4b64db622,v2,60000,,,브리지스톤,BW02,,,,
09_sports_leisure-demo-000325,09_sports_leisure,09,fede7584a329fb9f,v2,250000,,,언노운,RAZR,,,,
09_sports_leisure-demo-000326,09_sports_leisure,09,2c02080e07fcae66,v2,550000,,,캘러웨이,RAZR,,,,
09_sports_leisure-demo-000327,09_sports_leisure,09,c827bc61b2ddbd27,v2,4700000,,,Cervelo,S5,,,,
09_sports_leisure-demo-000328,09_sports_leisure,09,b253ef8d387d4dc3,v2,430000,,,알톤,니모FD 에디션,,,,
09_sports_leisure-demo-000329,09_sports_leisure,09,e927129b206e03bc,v2,58000,,,스팔딩,타입9,,,,
09_sports_leisure-demo-000330,09_sports_leisure,09,fade30f0e035d701,v2,1200000,,,자이언트,STILO,,,,
09_sports_leisure-demo-000331,09_sports_leisure,09,7dc47bf16f3b5d2a,v2,600000,,,"테일러메이드, 타이틀, 카스코, rife",712,,,,
09_sports_leisure-demo-000332,09_sports_leisure,09,2a90180f2249608b,v2,1490000,,,엘파마,코디악 G7 그래블,,,,
09_sports_leisure-demo-000333,09_sports_leisure,09,5b3194901442bc35,v2,410000,,,XDS,칼라스 70,,,,
09_sports_leisure-demo-000334,09_sports_leisure,09,14c7617b0b4dfd49,v2,466088,,,캘러웨이,카멜레온,,,,
09_sports_leisure-demo-000335,09_sports_leisure,09,89147ea8ac2e8a99,v2,771292,,,미즈노,엑스트론프로,,,,
09_sports_leisure-demo-000336,09_sports_leisure,09,3a532c5444c484a3,v2,850000,,,테일러메이드,마린6 2022,,,,
09_sports_leisure-demo-000337,09_sports_leisure,09,21faeb640f6b5f8d,v2,1400000,,,나이키,타입9,,,,
09_sports_leisure-demo-000338,09_sports_leisure,09,5bdbe8bc823762b4,v2,48000,,,로얄콜렉션,슈퍼 CV TRC,,,,
09_sports_leisure-demo-000339,09_sports_leisure,09,3a532c5444c484a3,v2,415035,,,테일러메이드,타입9,,,,
09_sports_leisure-demo-000340,09_sports_leisure,09,9e9683263e60bd03,v2,850000,,,비앙키,니로네7,,,,
09_sports_leisure-demo-000341,09_sports_leisure,09,bfb5e30aeedf6b33,v2,520000,,,다이와,G-three,,,,
09_sports_leisure-demo-000342,09_sports_leisure,09,14c7617b0b4dfd49,v2,460509,,,캘러웨이,앤서,,,,
09_sports_leisure-demo-000343,09_sports_leisure,09,7dc47bf16f3b5d2a,v2,600000,,,"테일러메이드, 타이틀, 카스코, rife",712,,,,
09_sports_leisure-demo-000344,09_sports_leisure,09,3a532c5444c484a3,v2,493599,,,테일러메이드,TCR Advanced 1 KOM,,,,
09_sports_leisure-demo-000345,09_sports_leisure,09,5e5c67e90393ec74,v2,550000,,,엘파마,e2000D,,,,
09_sports_leisure-demo-000346,09_sports_leisure,09,6ac5d7ae5952ac1e,v2,1600000,,,타이탄,플래티넘 에디션,,,,
09_sports_leisure-demo-000347,09_sports_leisure,09,5e5c67e90393ec74,v2,500000,,,리파인드,E2000D,,,,
09_sports_leisure-demo-000348,09_sports_leisure,09,3b8222725d1383d7,v2,1400000,,,메리다,Tarmac SL5,,,,
09_sports_leisure-demo-000349,09_sports_leisure,09,deb6d59be8f66f19,v2,68000,,,테일러메이드,XR 포지드,,,,
09_sports_leisure-demo-000350,09_sports_leisure,09,cf8580d3112f937c,v2,1200000,,,슬릭엣지,뉴웨이브20,,,,
09_sports_leisure-demo-000351,09_sports_leisure,09,f29c26180a42b59c,v2,4290000,,,세그웨이,XYBER,,,,
09_sports_leisure-demo-000352,09_sports_leisure,09,cf8580d3112f937c,v2,1200000,,,슬릭엣지,스프린트,,,,
09_sports_leisure-demo-000353,09_sports_leisure,09,816776eded1fbc03,v2,750000,,,캘러웨이,자이언트 프로펠 어드밴스1,,,,
09_sports_leisure-demo-000354,09_sports_leisure,09,5e5c67e90393ec74,v2,550000,,,엘파마,e2000D,,,,
09_sports_leisure-demo-000355,09_sports_leisure,09,7bcfcb27855e1906,v2,48000,,,로얄콜렉션,슈퍼 CV BBD 타입H,,,,
09_sports_leisure-demo-000356,09_sports_leisure,09,6bfd6da6a41e93a5,v2,74000,,,캘러웨이,하이퍼 ERC,,,,
09_sports_leisure-demo-000357,09_sports_leisure,09,6753400f81f23544,v2,550000,,,콘스탄틴,디스페랄,,,,
09_sports_leisure-demo-000358,09_sports_leisure,09,cf8580d3112f937c,v2,1200000,,,슬릭엣지,MP300,,,,
09_sports_leisure-demo-000359,09_sports_leisure,09,74350705a8efa940,v2,300000,,,트위터,레오파드30단,,,,
09_sports_leisure-demo-000360,09_sports_leisure,09,b4c0efb7d49d165a,v2,404000,,,나이키,X50,,,,
09_sports_leisure-demo-000361,09_sports_leisure,09,dd50ef1565fdd562,v2,82000,,,헤드,MP100,,,,
09_sports_leisure-demo-000362,09_sports_leisure,09,4c8c752d2097023a,v2,58000,,,오디세이,크림슨 시리즈 770,,,,
09_sports_leisure-demo-000363,09_sports_leisure,09,6753400f81f23544,v2,550000,,,콘스탄틴,칼라스 70,,,,
09_sports_leisure-demo-000364,09_sports_leisure,09,7366d86389b6ff5f,v2,570000,,,prgr,스컬트라 100,,,,
09_sports_leisure-demo-000365,09_sports_leisure,09,3fcc8ff16e259730,v2,250000,,,히로마쓰 모토,앤서,,,,
09_sports_leisure-demo-000366,09_sports_leisure,09,14c7617b0b4dfd49,v2,523844,,,캘러웨이,니로네7,,,,
09_sports_leisure-demo-000367,09_sports_leisure,09,942a94d37ba713b7,v2,298000,,,티티카카,P8HD,,,,
09_sports_leisure-demo-000368,09_sports_leisure,09,5d55f973f175aed3,v2,70000,,,K2,ES590,,,,
09_sports_leisure-demo-000369,09_sports_leisure,09,ba1087264dfb85fc,v2,50000,,,테일러메이드,로사 몬자,,,,
09_sports_leisure-demo-000370,09_sports_leisure,09,fc572e188a52ac0f,v2,470000,,,미즈노,JPX 800,,,,
09_sports_leisure-demo-000371,09_sports_leisure,09,218c0aa10ed7e182,v2,80000,,,자이언트,warbird,,,,
09_sports_leisure-demo-000372,09_sports_leisure,09,99cf471ea1729465,v2,303000,,,트렉,Domane AL2,,,,
09_sports_leisure-demo-000373,09_sports_leisure,09,8b19c1d973325455,v2,450000,,,메리다,스컬트라300,,,,
09_sports_leisure-demo-000374,09_sports_leisure,09,7dc47bf16f3b5d2a,v2,600000,,,"테일러메이드, 타이틀, 카스코, rife",712,,,,
09_sports_leisure-demo-000375,09_sports_leisure,09,cd3713c9ddae3a6d,v2,2000000,,,SMD,v7,,,,
09_sports_leisure-demo-000376,09_sports_leisure,09,3a532c5444c484a3,v2,466186,,,테일러메이드,스컬트라300,,,,
09_sports_leisure-demo-000377,09_sports_leisure,09,29e51dd16d670b29,v2,430000,,,삼천리,칼라스 70,,,,
09_sports_leisure-demo-000378,09_sports_leisure,09,902dd503fe8808a2,v2,390000,,,엘로드,oneon,,,,
09_sports_leisure-demo-000379,09_sports_leisure,09,f1dd60067c86f9e6,v2,280000,,,콘스탄틴,버나드 2019년식,,,,
09_sports_leisure-demo-000380,09_sports_leisure,09,8bb1716b11027b5b,v2,800000,,,모토벨로,A10 프로,,,,
09_sports_leisure-demo-000381,09_sports_leisure,09,85ec4809dd38fcec,v2,67000,,,코브라,트러스티 러스티,,,,
09_sports_leisure-demo-000382,09_sports_leisure,09,9e9683263e60bd03,v2,850000,,,비앙키,니로네7,,,,
09_sports_leisure-demo-000383,09_sports_leisure,09,deb6d59be8f66f19,v2,68000,,,테일러메이드,XR 포지드,,,,
09_sports_leisure-demo-000384,09_sports_leisure,09,686f4e1e317fde8b,v2,270000,,,블랙캣,D50 MTB,,,,
09_sports_leisure-demo-000385,09_sports_leisure,09,14c7617b0b4dfd49,v2,631114,,,캘러웨이,iD nabla RS,,,,
09_sports_leisure-demo-000386,09_sports_leisure,09,372d05f7ad18103d,v2,2400000,,,스캇,RC TEAM,,,,
09_sports_leisure-demo-000387,09_sports_leisure,09,e3907fa50f10728a,v2,98000,,,MARUMAN,리파인드 7,,,,
09_sports_leisure-demo-000388,09_sports_leisure,09,902dd503fe8808a2,v2,390000,,,엘로드,화이트핫 5,,,,
09_sports_leisure-demo-000389,09_sports_leisure,09,942a94d37ba713b7,v2,298000,,,티티카카,P8HD,,,,
09_sports_leisure-demo-000390,09_sports_leisure,09,4c5deb2faa560640,v2,245000,,,첼로,솔레이어 105,,,,
09_sports_leisure-demo-000391,09_sports_leisure,09,54dde0f8dfb65746,v2,490000,,,메리다,X50,,,,
09_sports_leisure-demo-000392,09_sports_leisure,09,259dcba6d8005906,v2,490000,,,야마하,INPRES RMX CB FORGED,,,,
09_sports_leisure-demo-000393,09_sports_leisure,09,89147ea8ac2e8a99,v2,792315,,,캘러웨이,V300 III,,,,
09_sports_leisure-demo-000394,09_sports_leisure,09,21faeb640f6b5f8d,v2,1400000,,,헤드,아웃사이더4.0,,,,
09_sports_leisure-demo-000395,09_sports_leisure,09,6bfd6da6a41e93a5,v2,74000,,,자이언트,하이퍼 ERC,,,,
09_sports_leisure-demo-000396,09_sports_leisure,09,89147ea8ac2e8a99,v2,794952,,,미즈노,"레이다 R5800, 에포카 E5800",,,,
09_sports_leisure-demo-000397,09_sports_leisure,09,6bfd6da6a41e93a5,v2,74000,,,캘러웨이,하이퍼 ERC,,,,
09_sports_leisure-demo-000398,09_sports_leisure,09,6acb0639029ff3ec,v2,980000,,,자이언트,TCR Advanced 1 KOM,,,,
09_sports_leisure-demo-000399,09_sports_leisure,09,bfb5e30aeedf6b33,v2,520000,,,다이와,플래티넘 에디션,,,,
09_sports_leisure-demo-000400,09_sports_leisure,09,38790ba43769da2e,v2,108000,,,젝시오,MP600,,,,
09_sports_leisure-demo-000401,09_sports_leisure,09,902dd503fe8808a2,v2,390000,,,엘로드,FX1,,,,
09_sports_leisure-demo-000402,09_sports_leisure,09,7292b51f846868f1,v2,830000,,,콘스탄틴,디스페랄 2024,,,,
09_sports_leisure-demo-000403,09_sports_leisure,09,6cdac14713f1f136,v2,790000,,,핑,TCR Advanced 1 KOM,,,,
09_sports_leisure-demo-000404,09_sports_leisure,09,96a25adb37402db9,v2,790000,,,다혼,뉴웨이브20,,,,
09_sports_leisure-demo-000405,09_sports_leisure,09,9e9683263e60bd03,v2,850000,,,비앙키,니로네7,,,,
09_sports_leisure-demo-000406,09_sports_leisure,09,ba1087264dfb85fc,v2,50000,,,테일러메이드,로사 몬자,,,,
09_sports_leisure-demo-000407,09_sports_leisure,09,14c7617b0b4dfd49,v2,341496,,,트렉,e2000D,,,,
09_sports_leisure-demo-000408,09_sports_leisure,09,6c4b48c8fbe7b867,v2,140000,,,무브핏,핏큐브 바이크,,,,
09_sports_leisure-demo-000409,09_sports_leisure,09,14c7617b0b4dfd49,v2,272400,,,캘러웨이,Ultimate CF SL 8.0 Di2,,,,
09_sports_leisure-demo-000410,09_sports_leisure,09,54dde0f8dfb65746,v2,490000,,,메리다,904,,,,
09_sports_leisure-demo-000411,09_sports_leisure,09,09174ba9cb4d90e8,v2,280000,,,켈러웨이,iD nabla RS,,,,
09_sports_leisure-demo-000412,09_sports_leisure,09,c60788dbeffeeed5,v2,620000,,,트위터,R10,,,,
09_sports_leisure-demo-000413,09_sports_leisure,09,65fb9d3cf0bd7000,v2,750000,,,타이탄,V300 III,,,,
09_sports_leisure-demo-000414,09_sports_leisure,09,cd3713c9ddae3a6d,v2,2500000,,,SMD,로사 몬자,,,,
09_sports_leisure-demo-000415,09_sports_leisure,09,95958ccdcf665106,v2,590000,,,미우라,파이즈 PHYZ,,,,
09_sports_leisure-demo-000416,09_sports_leisure,09,74037afbc7a3c7b9,v2,67000,,,미즈노,JPX 포지드,,,,
09_sports_leisure-demo-000417,09_sports_leisure,09,778e427bda624da6,v2,780000,,,GIOS,STILO,,,,
09_sports_leisure-demo-000418,09_sports_leisure,09,733b9f7aa0bf14e3,v2,790000,,,젝시오,스프린트,,,,
09_sports_leisure-demo-000419,09_sports_leisure,09,c0f7016168e0560b,v2,1200000,,,마루망,베리티 VIP,,,,
09_sports_leisure-demo-000420,09_sports_leisure,09,6bfd6da6a41e93a5,v2,74000,,,캘러웨이,하이퍼 ERC,,,,
09_sports_leisure-demo-000421,09_sports_leisure,09,3a532c5444c484a3,v2,771122,,,테일러메이드,에딕트 15 Di2,,,,
09_sports_leisure-demo-000422,09_sports_leisure,09,778e427bda624da6,v2,780000,,,GIOS,STILO,,,,
09_sports_leisure-demo-000423,09_sports_leisure,09,47f5be5161d7a5ab,v2,210000,,,메리다,스컬트라 100,,,,
09_sports_leisure-demo-000424,09_sports_leisure,09,65fb9d3cf0bd7000,v2,750000,,,투어스테이지,V300 III,,,,
09_sports_leisure-demo-000425,09_sports_leisure,09,4df50eb31c756ff4,v2,430000,,,테일러메이드,R대,,,,
09_sports_leisure-demo-000426,09_sports_leisure,09,733b9f7aa0bf14e3,v2,790000,,,젝시오,스컬트라100,,,,
09_sports_leisure-demo-000427,09_sports_leisure,09,6cdac14713f1f136,v2,1190000,,,핑,lv1 카모,,,,
09_sports_leisure-demo-000428,09_sports_leisure,09,c60788dbeffeeed5,v2,620000,,,트위터,R10,,,,
09_sports_leisure-demo-000429,09_sports_leisure,09,3b8222725d1383d7,v2,1400000,,,아식스,Tarmac SL5,,,,
09_sports_leisure-demo-000430,09_sports_leisure,09,3fcc8ff16e259730,v2,250000,,,히로마쓰 모토,MK-GOLD,,,,
09_sports_leisure-demo-000431,09_sports_leisure,09,3a532c5444c484a3,v2,809259,,,테일러메이드,플래티넘 에디션,,,,
09_sports_leisure-demo-000432,09_sports_leisure,09,5e5c67e90393ec74,v2,500000,,,엘파마,마린6 2022,,,,
09_sports_leisure-demo-000433,09_sports_leisure,09,38790ba43769da2e,v2,108000,,,젝시오,MP600,,,,
09_sports_leisure-demo-000434,09_sports_leisure,09,54dde0f8dfb65746,v2,490000,,,메리다,904,,,,
09_sports_leisure-demo-000435,09_sports_leisure,09,e977372b5bdc1e8a,v2,980000,,,트렉,SL5 디스크,,,,
09_sports_leisure-demo-000436,09_sports_leisure,09,4df50eb31c756ff4,v2,430000,,,테일러메이드,R대,,,,
09_sports_leisure-demo-000437,09_sports_leisure,09,778e427bda624da6,v2,780000,,,GIOS,STILO,,,,
09_sports_leisure-demo-000438,09_sports_leisure,09,0e19800cbfe1cc39,v2,40000,,,헤드,슈퍼 CV TRC,,,,
09_sports_leisure-demo-000439,09_sports_leisure,09,9783a760b3a6a838,v2,200000,,,데이비드,에딕트 15 Di2,,,,
09_sports_leisure-demo-000440,09_sports_leisure,09,3a532c5444c484a3,v2,850000,,,테일러메이드,트러스티 러스티,,,,
09_sports_leisure-demo-000441,09_sports_leisure,09,0449cf27eee055e8,v2,3700000,,,스캇,프로0 디스크,,,,
09_sports_leisure-demo-000442,09_sports_leisure,09,6b866c16a2a0ef8f,v2,1800000,,,테일러메이드+캘러웨이,스프린트,,,,
09_sports_leisure-demo-000443,09_sports_leisure,09,53bfb100455982fe,v2,40000,,,마루망,TCR 어드밴스0 2018,,,,
09_sports_leisure-demo-000444,09_sports_leisure,09,778e427bda624da6,v2,780000,,,GIOS,STILO,,,,
09_sports_leisure-demo-000445,09_sports_leisure,09,259dcba6d8005906,v2,490000,,,야마하,INPRES RMX CB FORGED,,,,
09_sports_leisure-demo-000446,09_sports_leisure,09,2c02080e07fcae66,v2,550000,,,캘러웨이,RAZR,,,,
09_sports_leisure-demo-000447,09_sports_leisure,09,3a532c5444c484a3,v2,770607,,,스팔딩,아웃사이더4.0,,,,
09_sports_leisure-demo-000448,09_sports_leisure,09,37fe62e649abbd01,v2,35000,,,MacGregor,Tourney,,,,
09_sports_leisure-demo-000449,09_sports_leisure,09,89147ea8ac2e8a99,v2,805931,,,미즈노,헌터브로스V1,,,,
09_sports_leisure-demo-000450,09_sports_leisure,09,d41dcc34ffc9ad3d,v2,930000,,,휠러,CHILI,,,,
09_sports_leisure-demo-000451,09_sports_leisure,09,553c6ea8155f2b61,v2,5900000,,,트리곤,피타,,,,
09_sports_leisure-demo-000452,09_sports_leisure,09,1c81967f18413f67,v2,3000000,,,Liv,Langma Advanced Pro Disc 0 2022,,,,
09_sports_leisure-demo-000453,09_sports_leisure,09,d0c2773705e2e3cd,v2,70000,,,엑사이더,EM570,,,,
09_sports_leisure-demo-000454,09_sports_leisure,09,fade30f0e035d701,v2,1200000,,,자이언트,패스트로드 어드밴스 AR 1,,,,
09_sports_leisure-demo-000455,09_sports_leisure,09,8b19c1d973325455,v2,450000,,,메리다,스컬트라300,,,,
09_sports_leisure-demo-000456,09_sports_leisure,09,d6c825bdb356bbbe,v2,550000,,,자이언트,리볼트2,,,,
09_sports_leisure-demo-000457,09_sports_leisure,09,2218ba7f211a4b1f,v2,480000,,,삼천리,피타,,,,
09_sports_leisure-demo-000458,09_sports_leisure,09,cd3713c9ddae3a6d,v2,2500000,,,SMD,V7,,,,
09_sports_leisure-demo-000459,09_sports_leisure,09,902dd503fe8808a2,v2,390000,,,엘로드,MP600,,,,
09_sports_leisure-demo-000460,09_sports_leisure,09,82309a33ccbf22f0,v2,750000,,,자이언트,TCR 어드밴스0 2018,,,,
09_sports_leisure-demo-000461,09_sports_leisure,09,8ad7bbc8c50279cd,v2,500000,,,엔진11,크릿디 2024,,,,
09_sports_leisure-demo-000462,09_sports_leisure,09,16888b0e7fcf76e4,v2,1700000,,,자이언트,리볼트 어드밴스 프로 1,,,,
09_sports_leisure-demo-000463,09_sports_leisure,09,14c7617b0b4dfd49,v2,525592,,,캘러웨이,RC TEAM,,,,
09_sports_leisure-demo-000464,09_sports_leisure,09,a3e13bf6998d3d15,v2,50000,,,타이탄,니로네7,,,,
09_sports_leisure-demo-000465,09_sports_leisure,09,d6c825bdb356bbbe,v2,550000,,,자이언트,v7,,,,
09_sports_leisure-demo-000466,09_sports_leisure,09,e3907fa50f10728a,v2,98000,,,MARUMAN,레오파드30단,,,,
09_sports_leisure-demo-000467,09_sports_leisure,09,fc572e188a52ac0f,v2,470000,,,미즈노,JPX 800,,,,
09_sports_leisure-demo-000468,09_sports_leisure,09,7dc47bf16f3b5d2a,v2,600000,,,"테일러메이드, 타이틀, 카스코, rife",FX1,,,,
09_sports_leisure-demo-000469,09_sports_leisure,09,e927129b206e03bc,v2,58000,,,스팔딩,에딕트 15 Di2,,,,
09_sports_leisure-demo-000470,09_sports_leisure,09,89147ea8ac2e8a99,v2,819167,,,미즈노,니로네7,,,,
09_sports_leisure-demo-000471,09_sports_leisure,09,372d05f7ad18103d,v2,2400000,,,스캇,RC TEAM,,,,
09_sports_leisure-demo-000472,09_sports_leisure,09,b5257b9dfa2d3cac,v2,1350000,,,인피자,5스타,,,,
09_sports_leisure-demo-000473,09_sports_leisure,09,9854e78186a6a02a,v2,4500000,,,벨로스타,U22,,,,
09_sports_leisure-demo-000474,09_sports_leisure,09,b4c0efb7d49d165a,v2,404000,,,나이키,3000,,,,
09_sports_leisure-demo-000475,09_sports_leisure,09,44fe0a8d63d807ba,v2,1250000,,,XDS,TC-201,,,,
09_sports_leisure-demo-000476,09_sports_leisure,09,2a90180f2249608b,v2,1490000,,,알톤,코디악 G7 그래블,,,,
09_sports_leisure-demo-000477,09_sports_leisure,09,6b866c16a2a0ef8f,v2,1300000,,,비앙키,스프린트,,,,
09_sports_leisure-demo-000478,09_sports_leisure,09,fede7584a329fb9f,v2,250000,,,언노운,lv1 카모,,,,
09_sports_leisure-demo-000479,09_sports_leisure,09,89147ea8ac2e8a99,v2,816882,,,미즈노,XV 1.9,,,,
09_sports_leisure-demo-000480,09_sports_leisure,09,dd50ef1565fdd562,v2,82000,,,젝시오,MP100,,,,
09_sports_leisure-demo-000481,09_sports_leisure,09,8b19c1d973325455,v2,450000,,,메리다,스컬트라300,,,,
09_sports_leisure-demo-000482,09_sports_leisure,09,4c8c752d2097023a,v2,58000,,,오디세이,크림슨 시리즈 770,,,,
09_sports_leisure-demo-000483,09_sports_leisure,09,565b6d996dd0b676,v2,2000000,,,알톤,에딕트 15 Di2,,,,
09_sports_leisure-demo-000484,09_sports_leisure,09,e3907fa50f10728a,v2,98000,,,MARUMAN,스케일 RC 팀 이슈 2023,,,,
09_sports_leisure-demo-000485,09_sports_leisure,09,3a532c5444c484a3,v2,850000,,,테일러메이드,ES590,,,,
09_sports_leisure-demo-000486,09_sports_leisure,09,f1dd60067c86f9e6,v2,280000,,,콘스탄틴,버나드 2019년식,,,,
09_sports_leisure-demo-000487,09_sports_leisure,09,53bfb100455982fe,v2,40000,,,테일러메이드,룰렛,,,,
09_sports_leisure-demo-000488,09_sports_leisure,09,2c02080e07fcae66,v2,550000,,,캘러웨이,RAZR,,,,
09_sports_leisure-demo-000489,09_sports_leisure,09,d1357c04efabe243,v2,50000,,,젝시오,MP200,,,,
09_sports_leisure-demo-000490,09_sports_leisure,09,a254a6d8faa42939,v2,450000,,,콘스탄틴,카멜레온,,,,
09_sports_leisure-demo-000491,09_sports_leisure,09,3a532c5444c484a3,v2,850000,,,테일러메이드,트러스티 러스티,,,,
09_sports_leisure-demo-000492,09_sports_leisure,09,d10982cc68f491e6,v2,120000,,,아식스,712,,,,
09_sports_leisure-demo-000493,09_sports_leisure,09,89147ea8ac2e8a99,v2,749719,,,미즈노,Ultimate CF SL 8.0 Di2,,,,
09_sports_leisure-demo-000494,09_sports_leisure,09,53bfb100455982fe,v2,40000,,,마루망,X50,,,,
09_sports_leisure-demo-000495,09_sports_leisure,09,b253ef8d387d4dc3,v2,430000,,,알톤,니모FD 에디션,,,,
09_sports_leisure-demo-000496,09_sports_leisure,09,85ec4809dd38fcec,v2,67000,,,코브라,트러스티 러스티,,,,
09_sports_leisure-demo-000497,09_sports_leisure,09,cf8580d3112f937c,v2,1200000,,,무브핏,SL5 디스크,,,,
09_sports_leisure-demo-000498,09_sports_leisure,09,3fcc8ff16e259730,v2,250000,,,히로마쓰 모토,MK-GOLD,,,,
09_sports_leisure-demo-000499,09_sports_leisure,09,98afa0164eb7323d,v2,490000,,,젝시오,FORGED,,,,
09_sports_leisure-demo-000500,09_sports_leisure,09,da6f18d1009e3d50,v2,280000,,,자이언트,이스케이프2,,,,
09_sports_leisure-demo-000501,09_sports_leisure,09,da6f18d1009e3d50,v2,280000,,,자이언트,이스케이프2,,,,
09_sports_leisure-demo-000502,09_sports_leisure,09,cd3713c9ddae3a6d,v2,2500000,,,SMD,V7,,,,
09_sports_leisure-demo-000503,09_sports_leisure,09,7292b51f846868f1,v2,830000,,,콘스탄틴,디스페랄 2024,,,,
09_sports_leisure-demo-000504,09_sports_leisure,09,d10982cc68f491e6,v2,120000,,,아식스,아웃사이더4.0,,,,
09_sports_leisure-demo-000505,09_sports_leisure,09,65fb9d3cf0bd7000,v2,750000,,,투어스테이지,V300 III,,,,
09_sports_leisure-demo-000506,09_sports_leisure,09,3f2c62d3ddc33d5d,v2,1200000,,,자이언트,Propel Advanced 1 Pro,,,,
09_sports_leisure-demo-000507,09_sports_leisure,09,0b91b462566a6b4a,v2,650000,,,캘러웨이,EDGE,,,,
09_sports_leisure-demo-000508,09_sports_leisure,09,9783a760b3a6a838,v2,200000,,,데이비드,디스페랄,,,,
09_sports_leisure-demo-000509,09_sports_leisure,09,cd3713c9ddae3a6d,v2,2000000,,,SMD,v7,,,,
09_sports_leisure-demo-000510,09_sports_leisure,09,afe015cd2c5c4b06,v2,500000,,,삼천리,E-ROADSTAR,,,,
09_sports_leisure-demo-000511,09_sports_leisure,09,a9eba576530636d5,v2,150000,,,벨로라인,TCR Advanced 1 KOM,,,,
09_sports_leisure-demo-000512,09_sports_leisure,09,2a90180f2249608b,v2,1490000,,,알톤,코디악 G7 그래블,,,,
09_sports_leisure-demo-000513,09_sports_leisure,09,ecbd6fc79b298491,v2,75000,,,젝시오,MP300,,,,
09_sports_leisure-demo-000514,09_sports_leisure,09,218c0aa10ed7e182,v2,80000,,,Callaway,warbird,,,,
09_sports_leisure-demo-000515,09_sports_leisure,09,1c81967f18413f67,v2,3000000,,,Liv,Langma Advanced Pro Disc 0 2022,,,,
09_sports_leisure-demo-000516,09_sports_leisure,09,77f7d8c4b64db622,v2,60000,,,브리지스톤,BW02,,,,
09_sports_leisure-demo-000517,09_sports_leisure,09,dd50ef1565fdd562,v2,82000,,,젝시오,MP100,,,,
09_sports_leisure-demo-000518,09_sports_leisure,09,3a532c5444c484a3,v2,608066,,,테일러메이드,파이즈 PHYZ,,,,
09_sports_leisure-demo-000519,09_sports_leisure,09,c827bc61b2ddbd27,v2,4700000,,,Cervelo,S5,,,,
09_sports_leisure-demo-000520,09_sports_leisure,09,fade30f0e035d701,v2,1200000,,,자이언트,패스트로드 어드밴스 AR 1,,,,
09_sports_leisure-demo-000521,09_sports_leisure,09,afe015cd2c5c4b06,v2,500000,,,삼천리,E-ROADSTAR,,,,
09_sports_leisure-demo-000522,09_sports_leisure,09,fede7584a329fb9f,v2,250000,,,카타나,lv1 카모,,,,
09_sports_leisure-demo-000523,09_sports_leisure,09,3a532c5444c484a3,v2,850000,,,테일러메이드,"레이다 R5800, 에포카 E5800",,,,
09_sports_leisure-demo-000524,09_sports_leisure,09,b5257b9dfa2d3cac,v2,1350000,,,인피자,HT500,,,,
09_sports_leisure-demo-000525,09_sports_leisure,09,85ec4809dd38fcec,v2,67000,,,코브라,트러스티 러스티,,,,
09_sports_leisure-demo-000526,09_sports_leisure,09,009ebecf164f7699,v2,64000,,,브릿지스톤,ZTP,,,,
09_sports_leisure-demo-000527,09_sports_leisure,09,09174ba9cb4d90e8,v2,280000,,,켈러웨이,베리티 VIP,,,,
09_sports_leisure-demo-000528,09_sports_leisure,09,6cdac14713f1f136,v2,1190000,,,핑,자이언트 프로펠 어드밴스1,,,,
09_sports_leisure-demo-000529,09_sports_leisure,09,9573cd64bec5aae2,v2,160000,,,노스웨이,A10 프로,,,,
09_sports_leisure-demo-000530,09_sports_leisure,09,133634c99af029a6,v2,345000,,,프로기어(PRGR),iD nabla RS,,,,
09_sports_leisure-demo-000531,09_sports_leisure,09,1c81967f18413f67,v2,3000000,,,Liv,Langma Advanced Pro Disc 0 2022,,,,
09_sports_leisure-demo-000532,09_sports_leisure,09,942a94d37ba713b7,v2,298000,,,티티카카,P8HD,,,,
09_sports_leisure-demo-000533,09_sports_leisure,09,c827bc61b2ddbd27,v2,4700000,,,Cervelo,S5,,,,
09_sports_leisure-demo-000534,09_sports_leisure,09,dd50ef1565fdd562,v2,82000,,,젝시오,MP100,,,,
09_sports_leisure-demo-000535,09_sports_leisure,09,ba1087264dfb85fc,v2,50000,,,테일러메이드,로사 몬자,,,,
09_sports_leisure-demo-000536,09_sports_leisure,09,ecbd6fc79b298491,v2,75000,,,젝시오,MP300,,,,
09_sports_leisure-demo-000537,09_sports_leisure,09,133634c99af029a6,v2,345000,,,프로기어(PRGR),iD nabla RS,,,,
09_sports_leisure-demo-000538,09_sports_leisure,09,89147ea8ac2e8a99,v2,798995,,,미즈노,R10,,,,
09_sports_leisure-demo-000539,09_sports_leisure,09,47f5be5161d7a5ab,v2,210000,,,메리다,스컬트라 100,,,,
09_sports_leisure-demo-000540,09_sports_leisure,09,afe015cd2c5c4b06,v2,500000,,,삼천리,E-ROADSTAR,,,,
09_sports_leisure-demo-000541,09_sports_leisure,09,7366d86389b6ff5f,v2,570000,,,prgr,슈퍼 CV SFD,,,,
09_sports_leisure-demo-000542,09_sports_leisure,09,553c6ea8155f2b61,v2,5900000,,,트리곤,Z TX,,,,
09_sports_leisure-demo-000543,09_sports_leisure,09,d1357c04efabe243,v2,50000,,,젝시오,MP200,,,,
09_sports_leisure-demo-000544,09_sports_leisure,09,2a90180f2249608b,v2,1490000,,,알톤,코디악 G7 그래블,,,,
09_sports_leisure-demo-000545,09_sports_leisure,09,b4fee045faecfee4,v2,890000,,,타이틀리스트,HT500,,,,
09_sports_leisure-demo-000546,09_sports_leisure,09,6ac5d7ae5952ac1e,v2,1600000,,,나이키,플래티넘 에디션,,,,
09_sports_leisure-demo-000547,09_sports_leisure,09,5d55f973f175aed3,v2,70000,,,K2,디스페랄 2022,,,,
09_sports_leisure-demo-000548,09_sports_leisure,09,b542de6a42b832fb,v2,75000,,,나이키,SQ 460,,,,
09_sports_leisure-demo-000549,09_sports_leisure,09,99cf471ea1729465,v2,303000,,,트렉,Domane AL2,,,,
09_sports_leisure-demo-000550,09_sports_leisure,09,6acb0639029ff3ec,v2,980000,,,자이언트,TCR Advanced 1 KOM,,,,
09_sports_leisure-demo-000551,09_sports_leisure,09,96a25adb37402db9,v2,790000,,,다혼,뉴웨이브20,,,,
09_sports_leisure-demo-000552,09_sports_leisure,09,4df50eb31c756ff4,v2,430000,,,테일러메이드,R대,,,,
09_sports_leisure-demo-000553,09_sports_leisure,09,24a4444388f43a6e,v2,120000,,,리파인드,미니 비토,,,,
09_sports_leisure-demo-000554,09_sports_leisure,09,ba1087264dfb85fc,v2,50000,,,테일러메이드,로사 몬자,,,,
09_sports_leisure-demo-000555,09_sports_leisure,09,8b19c1d973325455,v2,450000,,,메리다,스컬트라300,,,,
09_sports_leisure-demo-000556,09_sports_leisure,09,06a6318c48138df1,v2,40000,,,SYARD,TX-V,,,,
09_sports_leisure-demo-000557,09_sports_leisure,09,1bc090c4a2db5830,v2,75000,,,오디세이,화이트핫 5,,,,
09_sports_leisure-demo-000558,09_sports_leisure,09,fb78d8a1143a6991,v2,450000,,,엔진11,크릿디,,,,
09_sports_leisure-demo-000559,09_sports_leisure,09,a9eba576530636d5,v2,70000,,,벨로라인,스컬트라300,,,,
09_sports_leisure-demo-000560,09_sports_leisure,09,82309a33ccbf22f0,v2,750000,,,자이언트,TCR 어드밴스0 2018,,,,
09_sports_leisure-demo-000561,09_sports_leisure,09,0f4d64d43e507526,v2,450000,,,테일러메이드+캘러웨이,에딕트 15 Di2,,,,
09_sports_leisure-demo-000562,09_sports_leisure,09,3fcc8ff16e259730,v2,250000,,,히로마쓰 모토,MK-GOLD,,,,
09_sports_leisure-demo-000563,09_sports_leisure,09,89147ea8ac2e8a99,v2,812331,,,미즈노,Domane AL2,,,,
09_sports_leisure-demo-000564,09_sports_leisure,09,b4fee045faecfee4,v2,590000,,,타이틀리스트,크릿디,,,,
09_sports_leisure-demo-000565,09_sports_leisure,09,b2605246bb437c3c,v2,530000,,,메리다,스컬트라100,,,,
09_sports_leisure-demo-000566,09_sports_leisure,09,e3907fa50f10728a,v2,98000,,,MARUMAN,마린6 2022,,,,
09_sports_leisure-demo-000567,09_sports_leisure,09,e927129b206e03bc,v2,58000,,,스팔딩,타입9,,,,
09_sports_leisure-demo-000568,09_sports_leisure,09,1c81967f18413f67,v2,3000000,,,Liv,Langma Advanced Pro Disc 0 2022,,,,
09_sports_leisure-demo-000569,09_sports_leisure,09,778e427bda624da6,v2,780000,,,GIOS,ENA,,,,
09_sports_leisure-demo-000570,09_sports_leisure,09,9573cd64bec5aae2,v2,160000,,,노스웨이,JPX 포지드,,,,
09_sports_leisure-demo-000571,09_sports_leisure,09,89147ea8ac2e8a99,v2,757415,,,미즈노,카멜레온,,,,
09_sports_leisure-demo-000572,09_sports_leisure,09,5b3194901442bc35,v2,410000,,,XDS,GO9,,,,
09_sports_leisure-demo-000573,09_sports_leisure,09,3a532c5444c484a3,v2,850000,,,테일러메이드,ENA,,,,
09_sports_leisure-demo-000574,09_sports_leisure,09,4c5deb2faa560640,v2,245000,,,첼로,솔레이어 105,,,,
09_sports_leisure-demo-000575,09_sports_leisure,09,4c5deb2faa560640,v2,245000,,,첼로,솔레이어 105,,,,
09_sports_leisure-demo-000576,09_sports_leisure,09,0b91b462566a6b4a,v2,650000,,,캘러웨이,EDGE,,,,
09_sports_leisure-demo-000577,09_sports_leisure,09,99cf471ea1729465,v2,303000,,,트렉,Domane AL2,,,,
09_sports_leisure-demo-000578,09_sports_leisure,09,7dc47bf16f3b5d2a,v2,600000,,,"테일러메이드, 타이틀, 카스코, rife",712,,,,
09_sports_leisure-demo-000579,09_sports_leisure,09,24a4444388f43a6e,v2,120000,,,캘러웨이,미니 비토,,,,
09_sports_leisure-demo-000580,09_sports_leisure,09,7292b51f846868f1,v2,830000,,,콘스탄틴,FORGED,,,,
09_sports_leisure-demo-000581,09_sports_leisure,09,6cdac14713f1f136,v2,990000,,,핑,MK-GOLD,,,,
09_sports_leisure-demo-000582,09_sports_leisure,09,54dde0f8dfb65746,v2,490000,,,메리다,904,,,,
09_sports_leisure-demo-000583,09_sports_leisure,09,38790ba43769da2e,v2,105000,,,젝시오,MP600,,,,
09_sports_leisure-demo-000584,09_sports_leisure,09,b4c0efb7d49d165a,v2,750000,,,나이키,마린6 2022,,,,
09_sports_leisure-demo-000585,09_sports_leisure,09,21faeb640f6b5f8d,v2,1400000,,,마이클블라스터,아웃사이더4.0,,,,
09_sports_leisure-demo-000586,09_sports_leisure,09,9aaf9e47a839cbf8,v2,1200000,,,퀄리,3000,,,,
09_sports_leisure-demo-000587,09_sports_leisure,09,38790ba43769da2e,v2,100000,,,젝시오,MP600,,,,
09_sports_leisure-demo-000588,09_sports_leisure,09,74350705a8efa940,v2,300000,,,트위터,레오파드30단,,,,
09_sports_leisure-demo-000589,09_sports_leisure,09,a254a6d8faa42939,v2,450000,,,콘스탄틴,카멜레온,,,,
09_sports_leisure-demo-000590,09_sports_leisure,09,615492f8a32a42f8,v2,150000,,,카타나,ENA,,,,
09_sports_leisure-demo-000591,09_sports_leisure,09,3a532c5444c484a3,v2,562384,,,테일러메이드,칼라스 70,,,,
09_sports_leisure-demo-000592,09_sports_leisure,09,3a532c5444c484a3,v2,647111,,,테일러메이드,M20,,,,
09_sports_leisure-demo-000593,09_sports_leisure,09,553c6ea8155f2b61,v2,5900000,,,트리곤,TCR Advanced 1 KOM,,,,
09_sports_leisure-demo-000594,09_sports_leisure,09,35adb782217227f7,v2,800000,,,메리다,스컬트라 100 2025,,,,
09_sports_leisure-demo-000595,09_sports_leisure,09,331d09bc1a47bae1,v2,200000,,,스캇,JPX 포지드,,,,
09_sports_leisure-demo-000596,09_sports_leisure,09,ecbd6fc79b298491,v2,75000,,,젝시오,MP300,,,,
09_sports_leisure-demo-000597,09_sports_leisure,09,3b8222725d1383d7,v2,1400000,,,스페셜라이즈드,Tarmac SL5,,,,
09_sports_leisure-demo-000598,09_sports_leisure,09,2ad65d448c13ad33,v2,300000,,,타이탄,v7,,,,
09_sports_leisure-demo-000599,09_sports_leisure,09,902dd503fe8808a2,v2,390000,,,엘로드,XV 1.9,,,,
09_sports_leisure-demo-000600,09_sports_leisure,09,6cdac14713f1f136,v2,990000,,,핑,디스페랄 2022,,,,
09_sports_leisure-demo-000601,09_sports_leisure,09,3b8222725d1383d7,v2,1400000,,,스페셜라이즈드,Tarmac SL5,,,,
09_sports_leisure-demo-000602,09_sports_leisure,09,658842cfaa3990b5,v2,38000,,,로얄콜렉션,슈퍼 CV SFD,,,,
09_sports_leisure-demo-000603,09_sports_leisure,09,009ebecf164f7699,v2,64000,,,테일러메이드,ZTP,,,,
09_sports_leisure-demo-000604,09_sports_leisure,09,8b19c1d973325455,v2,450000,,,메리다,스컬트라300,,,,
09_sports_leisure-demo-000605,09_sports_leisure,09,47f5be5161d7a5ab,v2,210000,,,메리다,스컬트라 100,,,,
09_sports_leisure-demo-000606,09_sports_leisure,09,14c7617b0b4dfd49,v2,336805,,,타이틀리스트,스프린트,,,,
09_sports_leisure-demo-000607,09_sports_leisure,09,7292b51f846868f1,v2,830000,,,콘스탄틴,디스페랄 2024,,,,
09_sports_leisure-demo-000608,09_sports_leisure,09,d1357c04efabe243,v2,50000,,,젝시오,MP200,,,,
09_sports_leisure-demo-000609,09_sports_leisure,09,2ad65d448c13ad33,v2,300000,,,타이탄,ES590,,,,
09_sports_leisure-demo-000610,09_sports_leisure,09,21faeb640f6b5f8d,v2,1400000,,,마이클블라스터,아웃사이더4.0,,,,
09_sports_leisure-demo-000611,09_sports_leisure,09,06a6318c48138df1,v2,40000,,,SYARD,TX-V,,,,
09_sports_leisure-demo-000612,09_sports_leisure,09,331d09bc1a47bae1,v2,200000,,,스텔스,TCR Advanced 1 KOM,,,,
09_sports_leisure-demo-000613,09_sports_leisure,09,38790ba43769da2e,v2,108000,,,젝시오,MP600,,,,
09_sports_leisure-demo-000614,09_sports_leisure,09,d10982cc68f491e6,v2,120000,,,아식스,앤썸X,,,,
09_sports_leisure-demo-000615,09_sports_leisure,09,f1dd60067c86f9e6,v2,280000,,,콘스탄틴,버나드 2019년식,,,,
09_sports_leisure-demo-000616,09_sports_leisure,09,ecbd6fc79b298491,v2,75000,,,젝시오,MP300,,,,
09_sports_leisure-demo-000617,09_sports_leisure,09,4c5deb2faa560640,v2,245000,,,첼로,솔레이어 105,,,,
09_sports_leisure-demo-000618,09_sports_leisure,09,89147ea8ac2e8a99,v2,786001,,,미즈노,니로네7,,,,
09_sports_leisure-demo-000619,09_sports_leisure,09,7366d86389b6ff5f,v2,570000,,,prgr,MK-GOLD,,,,
09_sports_leisure-demo-000620,09_sports_leisure,09,b4c0efb7d49d165a,v2,750000,,,스카닉,Quincy,,,,
09_sports_leisure-demo-000621,09_sports_leisure,09,b4c0efb7d49d165a,v2,750000,,,나이키,XV 2.4,,,,
09_sports_leisure-demo-000622,09_sports_leisure,09,3a532c5444c484a3,v2,554597,,,테일러메이드,904,,,,
09_sports_leisure-demo-000623,09_sports_leisure,09,376e30da7d76fc30,v2,17000,,,넥스젠,ND001,,,,
09_sports_leisure-demo-000624,09_sports_leisure,09,3a532c5444c484a3,v2,850000,,,테일러메이드,TCR Advanced 1 KOM,,,,
09_sports_leisure-demo-000625,09_sports_leisure,09,7dc47bf16f3b5d2a,v2,600000,,,"테일러메이드, 타이틀, 카스코, rife",712,,,,
09_sports_leisure-demo-000626,09_sports_leisure,09,4ef1acd64ab14163,v2,430000,,,엘파마,FCR2,,,,
09_sports_leisure-demo-000627,09_sports_leisure,09,d0c2773705e2e3cd,v2,70000,,,엑사이더,니모FD 에디션,,,,
09_sports_leisure-demo-000628,09_sports_leisure,09,85ec4809dd38fcec,v2,67000,,,코브라,트러스티 러스티,,,,
09_sports_leisure-demo-000629,09_sports_leisure,09,133634c99af029a6,v2,345000,,,프로기어(PRGR),iD nabla RS,,,,
09_sports_leisure-demo-000630,09_sports_leisure,09,9573cd64bec5aae2,v2,160000,,,노스웨이,자이언트 프로펠 어드밴스1,,,,
09_sports_leisure-demo-000631,09_sports_leisure,09,3a532c5444c484a3,v2,725887,,,테일러메이드,스케일 RC 팀 이슈 2023,,,,
09_sports_leisure-demo-000632,09_sports_leisure,09,d0c2773705e2e3cd,v2,70000,,,젝시오,EM570,,,,
09_sports_leisure-demo-000633,09_sports_leisure,09,afe015cd2c5c4b06,v2,500000,,,스팔딩,E-ROADSTAR,,,,
09_sports_leisure-demo-000634,09_sports_leisure,09,e3d08fecd1d7c935,v2,1250000,,,엘파마,TCR Advanced 1 KOM,,,,
09_sports_leisure-demo-000635,09_sports_leisure,09,afe015cd2c5c4b06,v2,500000,,,켈러웨이,E-ROADSTAR,,,,
09_sports_leisure-demo-000636,09_sports_leisure,09,fc8711b705206014,v2,70000,,,삼천리,펠릭스,,,,
09_sports_leisure-demo-000637,09_sports_leisure,09,6882d3ebea5ea0a0,v2,550000,,,콘스탄틴,RAZR,,,,
09_sports_leisure-demo-000638,09_sports_leisure,09,3a532c5444c484a3,v2,850000,,,테일러메이드,XV 2.4,,,,
09_sports_leisure-demo-000639,09_sports_leisure,09,da6f18d1009e3d50,v2,280000,,,자이언트,이스케이프2,,,,
09_sports_leisure-demo-000640,09_sports_leisure,09,21faeb640f6b5f8d,v2,1400000,,,인피자,아웃사이더4.0,,,,
09_sports_leisure-demo-000641,09_sports_leisure,09,733b9f7aa0bf14e3,v2,550000,,,젝시오,크릿디,,,,
09_sports_leisure-demo-000642,09_sports_leisure,09,0f4d64d43e507526,v2,450000,,,테일러메이드+캘러웨이,ZTP,,,,
09_sports_leisure-demo-000643,09_sports_leisure,09,7e31be02bdacf5c3,v2,450000,,,핑,XV 2.4,,,,
09_sports_leisure-demo-000644,09_sports_leisure,09,d8ea33b0f7415503,v2,1200000,,,알톤,파이톤 20,,,,
09_sports_leisure-demo-000645,09_sports_leisure,09,cd3713c9ddae3a6d,v2,2000000,,,SMD,v7,,,,
09_sports_leisure-demo-000646,09_sports_leisure,09,3a532c5444c484a3,v2,495229,,,테일러메이드,루멘스700,,,,
09_sports_leisure-demo-000647,09_sports_leisure,09,b4fee045faecfee4,v2,590000,,,콘스탄틴,MK-GOLD,,,,
09_sports_leisure-demo-000648,09_sports_leisure,09,ecbd6fc79b298491,v2,75000,,,젝시오,MP300,,,,
09_sports_leisure-demo-000649,09_sports_leisure,09,89147ea8ac2e8a99,v2,714038,,,미즈노,14D,,,,
09_sports_leisure-demo-000650,09_sports_leisure,09,a9eba576530636d5,v2,150000,,,벨로라인,슈퍼 CV TRC,,,,
09_sports_leisure-demo-000651,09_sports_leisure,09,da6f18d1009e3d50,v2,280000,,,자이언트,이스케이프2,,,,
09_sports_leisure-demo-000652,09_sports_leisure,09,06c9f15c12797fa5,v2,1500000,,,엑스라이더,X50,,,,
09_sports_leisure-demo-000653,09_sports_leisure,09,ba1087264dfb85fc,v2,50000,,,테일러메이드,로사 몬자,,,,
09_sports_leisure-demo-000654,09_sports_leisure,09,14c7617b0b4dfd49,v2,292913,,,캘러웨이,FX1,,,,
09_sports_leisure-demo-000655,09_sports_leisure,09,2a90180f2249608b,v2,1490000,,,알톤,코디악 G7 그래블,,,,
09_sports_leisure-demo-000656,09_sports_leisure,09,3a532c5444c484a3,v2,850000,,,테일러메이드,XV 1.9,,,,
09_sports_leisure-demo-000657,09_sports_leisure,09,06c9f15c12797fa5,v2,1500000,,,엑스라이더,X50,,,,
09_sports_leisure-demo-000658,09_sports_leisure,09,4ceaa4e808dfb3bd,v2,700000,,,자이언트,앤썸X,,,,
09_sports_leisure-demo-000659,09_sports_leisure,09,fc572e188a52ac0f,v2,470000,,,미즈노,JPX 800,,,,
09_sports_leisure-demo-000660,09_sports_leisure,09,38790ba43769da2e,v2,108000,,,젝시오,MP600,,,,
09_sports_leisure-demo-000661,09_sports_leisure,09,38790ba43769da2e,v2,108000,,,젝시오,MP600,,,,
09_sports_leisure-demo-000662,09_sports_leisure,09,d6c825bdb356bbbe,v2,550000,,,자이언트,리볼트2,,,,
09_sports_leisure-demo-000663,09_sports_leisure,09,89147ea8ac2e8a99,v2,774391,,,미즈노,iD nabla RS,,,,
09_sports_leisure-demo-000664,09_sports_leisure,09,3fcc8ff16e259730,v2,250000,,,히로마쓰 모토,MK-GOLD,,,,
09_sports_leisure-demo-000665,09_sports_leisure,09,9a9616f81ea4cca2,v2,53000,,,핑,앤서3,,,,
09_sports_leisure-demo-000666,09_sports_leisure,09,e3d08fecd1d7c935,v2,1250000,,,히토미혼마,5스타,,,,
09_sports_leisure-demo-000667,09_sports_leisure,09,cf8580d3112f937c,v2,1200000,,,슬릭엣지,ZTP,,,,
09_sports_leisure-demo-000668,09_sports_leisure,09,733b9f7aa0bf14e3,v2,790000,,,젝시오,리볼트2,,,,
09_sports_leisure-demo-000669,09_sports_leisure,09,d41dcc34ffc9ad3d,v2,930000,,,휠러,CHILI,,,,
09_sports_leisure-demo-000670,09_sports_leisure,09,b542de6a42b832fb,v2,75000,,,나이키,베리티 VIP,,,,
09_sports_leisure-demo-000671,09_sports_leisure,09,2218ba7f211a4b1f,v2,480000,,,콘스탄틴,피타,,,,
09_sports_leisure-demo-000672,09_sports_leisure,09,06c9f15c12797fa5,v2,1500000,,,엑스라이더,X50,,,,
09_sports_leisure-demo-000673,09_sports_leisure,09,6ac5d7ae5952ac1e,v2,1600000,,,트렉,TCR 어드밴스 2 KOM 2024,,,,
09_sports_leisure-demo-000674,09_sports_leisure,09,9a9616f81ea4cca2,v2,53000,,,히토미혼마,앤서3,,,,
09_sports_leisure-demo-000675,09_sports_leisure,09,6c4b48c8fbe7b867,v2,140000,,,스카닉,엑스트론프로,,,,
09_sports_leisure-demo-000676,09_sports_leisure,09,259dcba6d8005906,v2,490000,,,야마하,INPRES RMX CB FORGED,,,,
09_sports_leisure-demo-000677,09_sports_leisure,09,e3907fa50f10728a,v2,98000,,,MARUMAN,FX1,,,,
09_sports_leisure-demo-000678,09_sports_leisure,09,9854e78186a6a02a,v2,4500000,,,벨로스타,U22,,,,
09_sports_leisure-demo-000679,09_sports_leisure,09,96a25adb37402db9,v2,790000,,,미즈노,뉴웨이브20,,,,
09_sports_leisure-demo-000680,09_sports_leisure,09,14c7617b0b4dfd49,v2,690000,,,캘러웨이,크림슨 시리즈 770,,,,
09_sports_leisure-demo-000681,09_sports_leisure,09,29e51dd16d670b29,v2,430000,,,삼천리,칼라스 70,,,,
09_sports_leisure-demo-000682,09_sports_leisure,09,eca41f0c214f8840,v2,880000,,,엔진11,헌터브로스V1,,,,
09_sports_leisure-demo-000683,09_sports_leisure,09,5e5c67e90393ec74,v2,500000,,,엘파마,E2000D,,,,
09_sports_leisure-demo-000684,09_sports_leisure,09,89147ea8ac2e8a99,v2,760689,,,미즈노,타입9,,,,
09_sports_leisure-demo-000685,09_sports_leisure,09,96a25adb37402db9,v2,790000,,,다혼,뉴웨이브20,,,,
09_sports_leisure-demo-000686,09_sports_leisure,09,b253ef8d387d4dc3,v2,430000,,,알톤,니모FD 에디션,,,,
09_sports_leisure-demo-000687,09_sports_leisure,09,e927129b206e03bc,v2,58000,,,스팔딩,MP600,,,,
09_sports_leisure-demo-000688,09_sports_leisure,09,7366d86389b6ff5f,v2,570000,,,prgr,리볼트 어드밴스 프로 1,,,,
09_sports_leisure-demo-000689,09_sports_leisure,09,6acb0639029ff3ec,v2,980000,,,자이언트,TCR Advanced 1 KOM,,,,
09_sports_leisure-demo-000690,09_sports_leisure,09,4ceaa4e808dfb3bd,v2,700000,,,벨로스타,앤썸X,,,,
09_sports_leisure-demo-000691,09_sports_leisure,09,331d09bc1a47bae1,v2,200000,,,스텔스,마린6 2022,,,,
09_sports_leisure-demo-000692,09_sports_leisure,09,47f5be5161d7a5ab,v2,210000,,,메리다,스컬트라 100,,,,
09_sports_leisure-demo-000693,09_sports_leisure,09,eca41f0c214f8840,v2,880000,,,엔진11,헌터브로스V1,,,,
09_sports_leisure-demo-000694,09_sports_leisure,09,6c4b48c8fbe7b867,v2,140000,,,무브핏,핏큐브 바이크,,,,
09_sports_leisure-demo-000695,09_sports_leisure,09,615492f8a32a42f8,v2,150000,,,카타나,ENA,,,,
09_sports_leisure-demo-000696,09_sports_leisure,09,7bcfcb27855e1906,v2,48000,,,로얄콜렉션,슈퍼 CV BBD 타입H,,,,
09_sports_leisure-demo-000697,09_sports_leisure,09,9573cd64bec5aae2,v2,160000,,,노스웨이,뉴웨이브20,,,,
09_sports_leisure-demo-000698,09_sports_leisure,09,0f4d64d43e507526,v2,450000,,,테일러메이드+캘러웨이,레오파드30단,,,,
09_sports_leisure-demo-000699,09_sports_leisure,09,3f2c62d3ddc33d5d,v2,1200000,,,자이언트,Propel Advanced 1 Pro,,,,
09_sports_leisure-demo-000700,09_sports_leisure,09,a4c2d27566ca4ca3,v2,520000,,,자이언트,KP-O3,,,,
09_sports_leisure-demo-000701,09_sports_leisure,09,de6653bdea0de747,v2,1550000,,,리파인드,ES590,,,,
09_sports_leisure-demo-000702,09_sports_leisure,09,7292b51f846868f1,v2,830000,,,콘스탄틴,디스페랄 2024,,,,
09_sports_leisure-demo-000703,09_sports_leisure,09,38790ba43769da2e,v2,100000,,,젝시오,MP600,,,,
09_sports_leisure-demo-000704,09_sports_leisure,09,eca41f0c214f8840,v2,880000,,,모토벨로,헌터브로스V1,,,,
09_sports_leisure-demo-000705,09_sports_leisure,09,d41dcc34ffc9ad3d,v2,930000,,,휠러,CHILI,,,,
09_sports_leisure-demo-000706,09_sports_leisure,09,4ceaa4e808dfb3bd,v2,700000,,,자이언트,파이즈 PHYZ,,,,
09_sports_leisure-demo-000707,09_sports_leisure,09,89147ea8ac2e8a99,v2,823382,,,메리다,미니 비토,,,,
09_sports_leisure-demo-000708,09_sports_leisure,09,47f5be5161d7a5ab,v2,210000,,,메리다,스컬트라 100,,,,
09_sports_leisure-demo-000709,09_sports_leisure,09,5e5c67e90393ec74,v2,550000,,,엘파마,슈퍼 CV BBD 타입H,,,,
09_sports_leisure-demo-000710,09_sports_leisure,09,99cf471ea1729465,v2,303000,,,트렉,Domane AL2,,,,
09_sports_leisure-demo-000711,09_sports_leisure,09,d87e72a74e2fafa5,v2,990000,,,세임 바이커,GO9,,,,
09_sports_leisure-demo-000712,09_sports_leisure,09,19e9cd26cd516dd6,v2,500000,,,엑사이더,ES590,,,,
09_sports_leisure-demo-000713,09_sports_leisure,09,89147ea8ac2e8a99,v2,732395,,,미즈노,자이언트 프로펠 어드밴스1,,,,
09_sports_leisure-demo-000714,09_sports_leisure,09,06a6318c48138df1,v2,40000,,,SYARD,TX-V,,,,
09_sports_leisure-demo-000715,09_sports_leisure,09,e28c95436eebacd3,v2,80000,,,위더피플,RC TEAM,,,,
09_sports_leisure-demo-000716,09_sports_leisure,09,9e9683263e60bd03,v2,850000,,,비앙키,니로네7,,,,
09_sports_leisure-demo-000717,09_sports_leisure,09,6b866c16a2a0ef8f,v2,1300000,,,비앙키,스프린트,,,,
09_sports_leisure-demo-000718,09_sports_leisure,09,21faeb640f6b5f8d,v2,1400000,,,마이클블라스터,아웃사이더4.0,,,,
09_sports_leisure-demo-000719,09_sports_leisure,09,218c0aa10ed7e182,v2,80000,,,Callaway,warbird,,,,
09_sports_leisure-demo-000720,09_sports_leisure,09,eca41f0c214f8840,v2,880000,,,엔진11,헌터브로스V1,,,,
09_sports_leisure-demo-000721,09_sports_leisure,09,cf8580d3112f937c,v2,1200000,,,테일러메이드,파이즈 PHYZ,,,,
09_sports_leisure-demo-000722,09_sports_leisure,09,38790ba43769da2e,v2,108000,,,젝시오,MP600,,,,
09_sports_leisure-demo-000723,09_sports_leisure,09,a9eba576530636d5,v2,150000,,,테일러메이드,헌터브로스V1,,,,
09_sports_leisure-demo-000724,09_sports_leisure,09,89147ea8ac2e8a99,v2,776463,,,미즈노,712,,,,
09_sports_leisure-demo-000725,09_sports_leisure,09,3a532c5444c484a3,v2,850000,,,테일러메이드,XT750,,,,
09_sports_leisure-demo-000726,09_sports_leisure,09,658842cfaa3990b5,v2,38000,,,로얄콜렉션,슈퍼 CV SFD,,,,
09_sports_leisure-demo-000727,09_sports_leisure,09,6b866c16a2a0ef8f,v2,1800000,,,히토미혼마,스프린트,,,,
09_sports_leisure-demo-000728,09_sports_leisure,09,21faeb640f6b5f8d,v2,1400000,,,마이클블라스터,아웃사이더4.0,,,,
09_sports_leisure-demo-000729,09_sports_leisure,09,733b9f7aa0bf14e3,v2,790000,,,젝시오,펠릭스,,,,
09_sports_leisure-demo-000730,09_sports_leisure,09,9854e78186a6a02a,v2,4500000,,,벨로스타,U22,,,,
09_sports_leisure-demo-000731,09_sports_leisure,09,38790ba43769da2e,v2,108000,,,젝시오,3S,,,,
09_sports_leisure-demo-000732,09_sports_leisure,09,dd50ef1565fdd562,v2,82000,,,젝시오,MP100,,,,
09_sports_leisure-demo-000733,09_sports_leisure,09,376e30da7d76fc30,v2,17000,,,넥스젠,ND001,,,,
09_sports_leisure-demo-000734,09_sports_leisure,09,5e5c67e90393ec74,v2,550000,,,엘파마,E2000D,,,,
09_sports_leisure-demo-000735,09_sports_leisure,09,4c8c752d2097023a,v2,58000,,,오디세이,크림슨 시리즈 770,,,,
09_sports_leisure-demo-000736,09_sports_leisure,09,b4fee045faecfee4,v2,890000,,,타이틀리스트,이스케이프2,,,,
09_sports_leisure-demo-000737,09_sports_leisure,09,3a532c5444c484a3,v2,699923,,,엔진11,GO9,,,,
09_sports_leisure-demo-000738,09_sports_leisure,09,c0f7016168e0560b,v2,1200000,,,마루망,베리티 VIP,,,,
09_sports_leisure-demo-000739,09_sports_leisure,09,89147ea8ac2e8a99,v2,755790,,,미즈노,스컬트라100,,,,
09_sports_leisure-demo-000740,09_sports_leisure,09,a3e13bf6998d3d15,v2,50000,,,PGA,INPRES RMX CB FORGED,,,,
09_sports_leisure-demo-000741,09_sports_leisure,09,eca41f0c214f8840,v2,880000,,,엔진11,헌터브로스V1,,,,
09_sports_leisure-demo-000742,09_sports_leisure,09,a254a6d8faa42939,v2,450000,,,콘스탄틴,카멜레온,,,,
09_sports_leisure-demo-000743,09_sports_leisure,09,14c7617b0b4dfd49,v2,668378,,,캘러웨이,스프린트,,,,
09_sports_leisure-demo-000744,09_sports_leisure,09,89147ea8ac2e8a99,v2,683179,,,미즈노,MP200,,,,
09_sports_leisure-demo-000745,09_sports_leisure,09,615492f8a32a42f8,v2,150000,,,카타나,ENA,,,,
09_sports_leisure-demo-000746,09_sports_leisure,09,38790ba43769da2e,v2,105000,,,젝시오,MP600,,,,
09_sports_leisure-demo-000747,09_sports_leisure,09,7dc47bf16f3b5d2a,v2,600000,,,"테일러메이드, 타이틀, 카스코, rife",712,,,,
09_sports_leisure-demo-000748,09_sports_leisure,09,a3e13bf6998d3d15,v2,50000,,,PGA,이스케이프2,,,,
09_sports_leisure-demo-000749,09_sports_leisure,09,3a532c5444c484a3,v2,449995,,,테일러메이드,MP200,,,,
09_sports_leisure-demo-000750,09_sports_leisure,09,89147ea8ac2e8a99,v2,843953,,,미즈노,루멘스700,,,,
09_sports_leisure-demo-000751,09_sports_leisure,09,3a532c5444c484a3,v2,850000,,,테일러메이드,뉴웨이브20,,,,
09_sports_leisure-demo-000752,09_sports_leisure,09,65fb9d3cf0bd7000,v2,750000,,,투어스테이지,솔레이어 105,,,,
09_sports_leisure-demo-000753,09_sports_leisure,09,733b9f7aa0bf14e3,v2,790000,,,젝시오,프로펠 어드벤스 프로0 di2,,,,
09_sports_leisure-demo-000754,09_sports_leisure,09,9854e78186a6a02a,v2,4500000,,,벨로스타,Tourney,,,,
09_sports_leisure-demo-000755,09_sports_leisure,09,afe015cd2c5c4b06,v2,500000,,,삼천리,E-ROADSTAR,,,,
09_sports_leisure-demo-000756,09_sports_leisure,09,376e30da7d76fc30,v2,17000,,,넥스젠,ND001,,,,
09_sports_leisure-demo-000757,09_sports_leisure,09,83d939bc6f43fafe,v2,400000,,,로드마스터,룰렛,,,,
09_sports_leisure-demo-000758,09_sports_leisure,09,902dd503fe8808a2,v2,390000,,,엘로드,스프린트,,,,
09_sports_leisure-demo-000759,09_sports_leisure,09,2a90180f2249608b,v2,1490000,,,알톤,코디악 G7 그래블,,,,
09_sports_leisure-demo-000760,09_sports_leisure,09,89147ea8ac2e8a99,v2,695047,,,미즈노,TCR 어드밴스0 2018,,,,
09_sports_leisure-demo-000761,09_sports_leisure,09,53bfb100455982fe,v2,690000,,,마루망,14D,,,,
09_sports_leisure-demo-000762,09_sports_leisure,09,c425ad583137c599,v2,520000,,,마이클블라스터,마린6 2022,,,,
09_sports_leisure-demo-000763,09_sports_leisure,09,53bfb100455982fe,v2,40000,,,마루망,베리티 VIP,,,,
09_sports_leisure-demo-000764,09_sports_leisure,09,7366d86389b6ff5f,v2,570000,,,야마하,KP-O3,,,,
09_sports_leisure-demo-000765,09_sports_leisure,09,54dde0f8dfb65746,v2,490000,,,메리다,904,,,,
09_sports_leisure-demo-000766,09_sports_leisure,09,6acb0639029ff3ec,v2,980000,,,자이언트,TCR Advanced 1 KOM,,,,
09_sports_leisure-demo-000767,09_sports_leisure,09,c425ad583137c599,v2,520000,,,트렉,XT750,,,,
09_sports_leisure-demo-000768,09_sports_leisure,09,5e5c67e90393ec74,v2,500000,,,엘파마,e2000D,,,,
09_sports_leisure-demo-000769,09_sports_leisure,09,77f7d8c4b64db622,v2,60000,,,브리지스톤,BW02,,,,
09_sports_leisure-demo-000770,09_sports_leisure,09,c827bc61b2ddbd27,v2,4700000,,,Cervelo,S5,,,,
09_sports_leisure-demo-000771,09_sports_leisure,09,14c7617b0b4dfd49,v2,586319,,,캘러웨이,ENA,,,,
09_sports_leisure-demo-000772,09_sports_leisure,09,3a532c5444c484a3,v2,827605,,,블랙캣,플래티넘 에디션,,,,
09_sports_leisure-demo-000773,09_sports_leisure,09,38790ba43769da2e,v2,100000,,,젝시오,MP100,,,,
09_sports_leisure-demo-000774,09_sports_leisure,09,e3907fa50f10728a,v2,98000,,,MARUMAN,RC TEAM,,,,
09_sports_leisure-demo-000775,09_sports_leisure,09,54dde0f8dfb65746,v2,490000,,,MacGregor,904,,,,
09_sports_leisure-demo-000776,09_sports_leisure,09,37fe62e649abbd01,v2,35000,,,MacGregor,Tourney,,,,
09_sports_leisure-demo-000777,09_sports_leisure,09,3a532c5444c484a3,v2,738595,,,비앙키,INPRES RMX CB FORGED,,,,
09_sports_leisure-demo-000778,09_sports_leisure,09,3a532c5444c484a3,v2,850000,,,나이키,XV 2.4,,,,
09_sports_leisure-demo-000779,09_sports_leisure,09,0449cf27eee055e8,v2,3700000,,,자이언트,프로0 디스크,,,,
09_sports_leisure-demo-000780,09_sports_leisure,09,dd50ef1565fdd562,v2,82000,,,젝시오,MP100,,,,
09_sports_leisure-demo-000781,09_sports_leisure,09,afe015cd2c5c4b06,v2,500000,,,삼천리,E-ROADSTAR,,,,
09_sports_leisure-demo-000782,09_sports_leisure,09,7dc47bf16f3b5d2a,v2,600000,,,"테일러메이드, 타이틀, 카스코, rife",EDGE,,,,
09_sports_leisure-demo-000783,09_sports_leisure,09,4c8c752d2097023a,v2,58000,,,오디세이,크림슨 시리즈 770,,,,
09_sports_leisure-demo-000784,09_sports_leisure,09,6c4b48c8fbe7b867,v2,140000,,,무브핏,핏큐브 바이크,,,,
09_sports_leisure-demo-000785,09_sports_leisure,09,82309a33ccbf22f0,v2,750000,,,자이언트,TCR 어드밴스0 2018,,,,
09_sports_leisure-demo-000786,09_sports_leisure,09,cd3713c9ddae3a6d,v2,2500000,,,SMD,FCR2,,,,
09_sports_leisure-demo-000787,09_sports_leisure,09,3f2c62d3ddc33d5d,v2,1200000,,,자이언트,Propel Advanced 1 Pro,,,,
09_sports_leisure-demo-000788,09_sports_leisure,09,a254a6d8faa42939,v2,450000,,,콘스탄틴,카멜레온,,,,
09_sports_leisure-demo-000789,09_sports_leisure,09,e28c95436eebacd3,v2,80000,,,위더피플,V7,,,,
09_sports_leisure-demo-000790,09_sports_leisure,09,7dc47bf16f3b5d2a,v2,600000,,,"테일러메이드, 타이틀, 카스코, rife",712,,,,
09_sports_leisure-demo-000791,09_sports_leisure,09,9aaf9e47a839cbf8,v2,1200000,,,퀄리,디스페랄,,,,
09_sports_leisure-demo-000792,09_sports_leisure,09,98afa0164eb7323d,v2,490000,,,젝시오,FORGED,,,,
09_sports_leisure-demo-000793,09_sports_leisure,09,259dcba6d8005906,v2,490000,,,야마하,INPRES RMX CB FORGED,,,,
09_sports_leisure-demo-000794,09_sports_leisure,09,6c4b48c8fbe7b867,v2,140000,,,무브핏,스컬트라 100 2025,,,,
09_sports_leisure-demo-000795,09_sports_leisure,09,d1357c04efabe243,v2,50000,,,벨로스타,디스페랄,,,,
09_sports_leisure-demo-000796,09_sports_leisure,09,85ec4809dd38fcec,v2,67000,,,코브라,트러스티 러스티,,,,
09_sports_leisure-demo-000797,09_sports_leisure,09,686f4e1e317fde8b,v2,270000,,,블랙캣,D50 MTB,,,,
09_sports_leisure-demo-000798,09_sports_leisure,09,5d55f973f175aed3,v2,70000,,,K2,파이즈 PHYZ,,,,
09_sports_leisure-demo-000799,09_sports_leisure,09,d41dcc34ffc9ad3d,v2,930000,,,휠러,CHILI,,,,
09_sports_leisure-demo-000800,09_sports_leisure,09,85ec4809dd38fcec,v2,67000,,,코브라,트러스티 러스티,,,,
09_sports_leisure-demo-000801,09_sports_leisure,09,a961ff12c5db10de,v2,4200000,,,테일러메이드,프로펠 어드벤스 프로0 di2,,,,
09_sports_leisure-demo-000802,09_sports_leisure,09,14c7617b0b4dfd49,v2,690000,,,캘러웨이,MP200,,,,
09_sports_leisure-demo-000803,09_sports_leisure,09,47f5be5161d7a5ab,v2,210000,,,메리다,스컬트라 100,,,,
09_sports_leisure-demo-000804,09_sports_leisure,09,e28c95436eebacd3,v2,80000,,,위더피플,5스타,,,,
09_sports_leisure-demo-000805,09_sports_leisure,09,a309e550b2df6cd1,v2,1600000,,,자이언트,TCR 어드밴스 2 KOM 2024,,,,
09_sports_leisure-demo-000806,09_sports_leisure,09,a254a6d8faa42939,v2,450000,,,콘스탄틴,카멜레온,,,,
09_sports_leisure-demo-000807,09_sports_leisure,09,53bfb100455982fe,v2,40000,,,마루망,M20,,,,
09_sports_leisure-demo-000808,09_sports_leisure,09,7dc47bf16f3b5d2a,v2,600000,,,"테일러메이드, 타이틀, 카스코, rife",712,,,,
09_sports_leisure-demo-000809,09_sports_leisure,09,89147ea8ac2e8a99,v2,684147,,,미즈노,XT750,,,,
09_sports_leisure-demo-000810,09_sports_leisure,09,fede7584a329fb9f,v2,250000,,,언노운,MP600,,,,
09_sports_leisure-demo-000811,09_sports_leisure,09,fade30f0e035d701,v2,1200000,,,자이언트,패스트로드 어드밴스 AR 1,,,,
09_sports_leisure-demo-000812,09_sports_leisure,09,778e427bda624da6,v2,780000,,,GIOS,STILO,,,,
09_sports_leisure-demo-000813,09_sports_leisure,09,deb6d59be8f66f19,v2,68000,,,테일러메이드,XR 포지드,,,,
09_sports_leisure-demo-000814,09_sports_leisure,09,7e7c9696458d23b9,v2,1150000,,,캐니언,Ultimate CF SL 8.0 Di2,,,,
09_sports_leisure-demo-000815,09_sports_leisure,09,74037afbc7a3c7b9,v2,67000,,,미즈노,JPX 포지드,,,,
09_sports_leisure-demo-000816,09_sports_leisure,09,f9ad8baf18ce3dee,v2,380000,,,요넥스,3S,,,,
09_sports_leisure-demo-000817,09_sports_leisure,09,d6c825bdb356bbbe,v2,550000,,,자이언트,리볼트2,,,,
09_sports_leisure-demo-000818,09_sports_leisure,09,89147ea8ac2e8a99,v2,854034,,,미즈노,STILO,,,,
09_sports_leisure-demo-000819,09_sports_leisure,09,3a532c5444c484a3,v2,729120,,,캘러웨이,TCR Advanced 1 KOM,,,,
09_sports_leisure-demo-000820,09_sports_leisure,09,37fe62e649abbd01,v2,35000,,,MacGregor,Tourney,,,,
09_sports_leisure-demo-000821,09_sports_leisure,09,95958ccdcf665106,v2,590000,,,브릿지스톤,파이즈 PHYZ,,,,
09_sports_leisure-demo-000822,09_sports_leisure,09,6acb0639029ff3ec,v2,980000,,,자이언트,TCR Advanced 1 KOM,,,,
09_sports_leisure-demo-000823,09_sports_leisure,09,d87e72a74e2fafa5,v2,990000,,,세임 바이커,GO9,,,,
09_sports_leisure-demo-000824,09_sports_leisure,09,54dde0f8dfb65746,v2,490000,,,메리다,904,,,,
09_sports_leisure-demo-000825,09_sports_leisure,09,133634c99af029a6,v2,345000,,,프로기어(PRGR),P8HD,,,,
09_sports_leisure-demo-000826,09_sports_leisure,09,d10982cc68f491e6,v2,120000,,,아식스,하이퍼 ERC,,,,
09_sports_leisure-demo-000827,09_sports_leisure,09,1467ccea77b29530,v2,305000,,,야마하,lv1 카모,,,,
09_sports_leisure-demo-000828,09_sports_leisure,09,06a6318c48138df1,v2,40000,,,SYARD,TX-V,,,,
09_sports_leisure-demo-000829,09_sports_leisure,09,133634c99af029a6,v2,345000,,,프로기어(PRGR),ND001,,,,
09_sports_leisure-demo-000830,09_sports_leisure,09,65fb9d3cf0bd7000,v2,750000,,,투어스테이지,V300 III,,,,
09_sports_leisure-demo-000831,09_sports_leisure,09,3b8222725d1383d7,v2,1400000,,,스페셜라이즈드,Tarmac SL5,,,,
09_sports_leisure-demo-000832,09_sports_leisure,09,4c8c752d2097023a,v2,58000,,,오디세이,크림슨 시리즈 770,,,,
09_sports_leisure-demo-000833,09_sports_leisure,09,7292b51f846868f1,v2,830000,,,콘스탄틴,디스페랄 2024,,,,
09_sports_leisure-demo-000834,09_sports_leisure,09,733b9f7aa0bf14e3,v2,550000,,,나이키,스컬트라100,,,,
09_sports_leisure-demo-000835,09_sports_leisure,09,f29c26180a42b59c,v2,4290000,,,세그웨이,XYBER,,,,
09_sports_leisure-demo-000836,09_sports_leisure,09,afe015cd2c5c4b06,v2,500000,,,삼천리,E-ROADSTAR,,,,
09_sports_leisure-demo-000837,09_sports_leisure,09,89147ea8ac2e8a99,v2,717135,,,미즈노,Tourney,,,,
09_sports_leisure-demo-000838,09_sports_leisure,09,6cdac14713f1f136,v2,1190000,,,핑,X50,,,,
09_sports_leisure-demo-000839,09_sports_leisure,09,d1357c04efabe243,v2,50000,,,젝시오,MP200,,,,
09_sports_leisure-demo-000840,09_sports_leisure,09,35adb782217227f7,v2,800000,,,메리다,스컬트라 100 2025,,,,
09_sports_leisure-demo-000841,09_sports_leisure,09,38790ba43769da2e,v2,105000,,,젝시오,MP600,,,,
09_sports_leisure-demo-000842,09_sports_leisure,09,d0c2773705e2e3cd,v2,70000,,,엑사이더,EM570,,,,
09_sports_leisure-demo-000843,09_sports_leisure,09,53bfb100455982fe,v2,690000,,,헤드,S5,,,,
09_sports_leisure-demo-000844,09_sports_leisure,09,6753400f81f23544,v2,550000,,,콘스탄틴,디스페랄,,,,
09_sports_leisure-demo-000845,09_sports_leisure,09,38790ba43769da2e,v2,108000,,,젝시오,MP600,,,,
09_sports_leisure-demo-000846,09_sports_leisure,09,37fe62e649abbd01,v2,35000,,,MacGregor,Tourney,,,,
09_sports_leisure-demo-000847,09_sports_leisure,09,d8ea33b0f7415503,v2,1200000,,,알톤,파이톤 20,,,,
09_sports_leisure-demo-000848,09_sports_leisure,09,e0254356d0460b90,v2,84000,,,스릭슨,Z TX,,,,
09_sports_leisure-demo-000849,09_sports_leisure,09,2ad65d448c13ad33,v2,300000,,,타이탄,헌터브로스V1,,,,
09_sports_leisure-demo-000850,09_sports_leisure,09,53bfb100455982fe,v2,40000,,,오디세이,JPX 포지드,,,,
09_sports_leisure-demo-000851,09_sports_leisure,09,14c7617b0b4dfd49,v2,690000,,,테일러메이드,펠릭스,,,,
09_sports_leisure-demo-000852,09_sports_leisure,09,b5257b9dfa2d3cac,v2,1350000,,,인피자,HT500,,,,
09_sports_leisure-demo-000853,09_sports_leisure,09,98afa0164eb7323d,v2,490000,,,젝시오,FORGED,,,,
09_sports_leisure-demo-000854,09_sports_leisure,09,06a6318c48138df1,v2,40000,,,젝시오,TX-V,,,,
09_sports_leisure-demo-000855,09_sports_leisure,09,4df50eb31c756ff4,v2,430000,,,테일러메이드,R대,,,,
09_sports_leisure-demo-000856,09_sports_leisure,09,09174ba9cb4d90e8,v2,280000,,,켈러웨이,R대,,,,
09_sports_leisure-demo-000857,09_sports_leisure,09,bfb5e30aeedf6b33,v2,520000,,,다이와,G-three,,,,
09_sports_leisure-demo-000858,09_sports_leisure,09,1667e1f0f2e36fff,v2,340000,,,트렉,FX1,,,,
09_sports_leisure-demo-000859,09_sports_leisure,09,942a94d37ba713b7,v2,298000,,,티티카카,P8HD,,,,
09_sports_leisure-demo-000860,09_sports_leisure,09,8ad7bbc8c50279cd,v2,500000,,,엔진11,MP300,,,,
09_sports_leisure-demo-000861,09_sports_leisure,09,7e31be02bdacf5c3,v2,450000,,,이와키,XV 2.4,,,,
09_sports_leisure-demo-000862,09_sports_leisure,09,2c02080e07fcae66,v2,550000,,,캘러웨이,RAZR,,,,
09_sports_leisure-demo-000863,09_sports_leisure,09,65fb9d3cf0bd7000,v2,750000,,,투어스테이지,V300 III,,,,
09_sports_leisure-demo-000864,09_sports_leisure,09,3f2c62d3ddc33d5d,v2,1200000,,,자이언트,Propel Advanced 1 Pro,,,,
09_sports_leisure-demo-000865,09_sports_leisure,09,8e3094684bea4b49,v2,3000000,,,스캇,스케일 RC 팀 이슈 2023,,,,
09_sports_leisure-demo-000866,09_sports_leisure,09,e0254356d0460b90,v2,84000,,,스릭슨,Z TX,,,,
09_sports_leisure-demo-000867,09_sports_leisure,09,a3e13bf6998d3d15,v2,50000,,,PGA,MP600,,,,
09_sports_leisure-demo-000868,09_sports_leisure,09,d1357c04efabe243,v2,50000,,,젝시오,루멘스700,,,,
09_sports_leisure-demo-000869,09_sports_leisure,09,4ceaa4e808dfb3bd,v2,700000,,,자이언트,앤썸X,,,,
09_sports_leisure-demo-000870,09_sports_leisure,09,b5257b9dfa2d3cac,v2,1350000,,,인피자,HT500,,,,
09_sports_leisure-demo-000871,09_sports_leisure,09,133634c99af029a6,v2,345000,,,프로기어(PRGR),iD nabla RS,,,,
09_sports_leisure-demo-000872,09_sports_leisure,09,afe015cd2c5c4b06,v2,500000,,,미즈노,E-ROADSTAR,,,,
09_sports_leisure-demo-000873,09_sports_leisure,09,89147ea8ac2e8a99,v2,719652,,,미즈노,펠릭스,,,,
09_sports_leisure-demo-000874,09_sports_leisure,09,06c9f15c12797fa5,v2,1500000,,,엑스라이더,X50,,,,
09_sports_leisure-demo-000875,09_sports_leisure,09,0449cf27eee055e8,v2,3700000,,,자이언트,프로0 디스크,,,,
09_sports_leisure-demo-000876,09_sports_leisure,09,3a532c5444c484a3,v2,402054,,,테일러메이드,니모FD 에디션,,,,
09_sports_leisure-demo-000877,09_sports_leisure,09,44fe0a8d63d807ba,v2,1250000,,,미우라,하이퍼 ERC,,,,
09_sports_leisure-demo-000878,09_sports_leisure,09,565b6d996dd0b676,v2,2000000,,,SCOTT,에딕트 15 Di2,,,,
09_sports_leisure-demo-000879,09_sports_leisure,09,6b866c16a2a0ef8f,v2,1800000,,,비앙키,스프린트,,,,
09_sports_leisure-demo-000880,09_sports_leisure,09,f1a50f97f2a77f00,v2,740000,,,투어스테이지,아웃사이더4.0,,,,
09_sports_leisure-demo-000881,09_sports_leisure,09,ecbd6fc79b298491,v2,75000,,,젝시오,MP300,,,,
09_sports_leisure-demo-000882,09_sports_leisure,09,5c18029388b1f6cd,v2,130000,,,미즈노,14D,,,,
09_sports_leisure-demo-000883,09_sports_leisure,09,e3d08fecd1d7c935,v2,1250000,,,히토미혼마,5스타,,,,
09_sports_leisure-demo-000884,09_sports_leisure,09,14c7617b0b4dfd49,v2,210000,,,캘러웨이,JPX 800,,,,
09_sports_leisure-demo-000885,09_sports_leisure,09,fb78d8a1143a6991,v2,450000,,,엔진11,크릿디,,,,
09_sports_leisure-demo-000886,09_sports_leisure,09,8bb1716b11027b5b,v2,800000,,,모토벨로,레오파드30단,,,,
09_sports_leisure-demo-000887,09_sports_leisure,09,cd3713c9ddae3a6d,v2,2500000,,,SMD,v7,,,,
09_sports_leisure-demo-000888,09_sports_leisure,09,565b6d996dd0b676,v2,2000000,,,SCOTT,에딕트 15 Di2,,,,
09_sports_leisure-demo-000889,09_sports_leisure,09,f29c26180a42b59c,v2,4290000,,,세그웨이,XYBER,,,,
09_sports_leisure-demo-000890,09_sports_leisure,09,5c18029388b1f6cd,v2,130000,,,알톤,14D,,,,
09_sports_leisure-demo-000891,09_sports_leisure,09,836709c137a7d758,v2,1080000,,,BESV,FORGED,,,,
09_sports_leisure-demo-000892,09_sports_leisure,09,e977372b5bdc1e8a,v2,980000,,,트렉,SL5 디스크,,,,
09_sports_leisure-demo-000893,09_sports_leisure,09,b542de6a42b832fb,v2,75000,,,나이키,SQ 460,,,,
09_sports_leisure-demo-000894,09_sports_leisure,09,a309e550b2df6cd1,v2,1600000,,,테일러메이드,Domane AL2,,,,
09_sports_leisure-demo-000895,09_sports_leisure,09,9854e78186a6a02a,v2,4500000,,,벨로스타,U22,,,,
09_sports_leisure-demo-000896,09_sports_leisure,09,549c351cd6575602,v2,127000,,,스카닉,M20,,,,
09_sports_leisure-demo-000897,09_sports_leisure,09,c0f7016168e0560b,v2,1200000,,,마루망,베리티 VIP,,,,
09_sports_leisure-demo-000898,09_sports_leisure,09,14c7617b0b4dfd49,v2,230946,,,캘러웨이,MK-GOLD,,,,
09_sports_leisure-demo-000899,09_sports_leisure,09,c425ad583137c599,v2,520000,,,트렉,마린6 2022,,,,
09_sports_leisure-demo-000900,09_sports_leisure,09,8b19c1d973325455,v2,450000,,,메리다,스컬트라300,,,,
09_sports_leisure-demo-000901,09_sports_leisure,09,3a532c5444c484a3,v2,850000,,,코끼리,하이퍼 ERC,,,,
09_sports_leisure-demo-000902,09_sports_leisure,09,38790ba43769da2e,v2,108000,,,젝시오,MP600,,,,
09_sports_leisure-demo-000903,09_sports_leisure,09,89147ea8ac2e8a99,v2,803829,,,테일러메이드,크릿디,,,,
09_sports_leisure-demo-000904,09_sports_leisure,09,7e7c9696458d23b9,v2,1150000,,,캐니언,Ultimate CF SL 8.0 Di2,,,,
09_sports_leisure-demo-000905,09_sports_leisure,09,14c7617b0b4dfd49,v2,210000,,,캘러웨이,Ultimate CF SL 8.0 Di2,,,,
09_sports_leisure-demo-000906,09_sports_leisure,09,47f5be5161d7a5ab,v2,210000,,,메리다,스컬트라 100,,,,
09_sports_leisure-demo-000907,09_sports_leisure,09,96a25adb37402db9,v2,790000,,,다혼,뉴웨이브20,,,,
09_sports_leisure-demo-000908,09_sports_leisure,09,686f4e1e317fde8b,v2,270000,,,블랙캣,D50 MTB,,,,
09_sports_leisure-demo-000909,09_sports_leisure,09,733b9f7aa0bf14e3,v2,550000,,,젝시오,3000,,,,
09_sports_leisure-demo-000910,09_sports_leisure,09,dd50ef1565fdd562,v2,82000,,,SERFAS,MP100,,,,
09_sports_leisure-demo-000911,09_sports_leisure,09,b4fee045faecfee4,v2,890000,,,타이틀리스트,MK-GOLD,,,,
09_sports_leisure-demo-000912,09_sports_leisure,09,89147ea8ac2e8a99,v2,717883,,,미즈노,미니 비토,,,,
09_sports_leisure-demo-000913,09_sports_leisure,09,a9eba576530636d5,v2,70000,,,벨로라인,엑스트론프로,,,,
09_sports_leisure-demo-000914,09_sports_leisure,09,3a532c5444c484a3,v2,850000,,,테일러메이드,트러스티 러스티,,,,
09_sports_leisure-demo-000915,09_sports_leisure,09,f668946e6c07784b,v2,420000,,,언노운,싱귤러리티2 2024,,,,
09_sports_leisure-demo-000916,09_sports_leisure,09,2892f1015df4c07a,v2,230000,,,미즈노,oneon,,,,
09_sports_leisure-demo-000917,09_sports_leisure,09,e3d08fecd1d7c935,v2,1250000,,,히토미혼마,5스타,,,,
09_sports_leisure-demo-000918,09_sports_leisure,09,b2605246bb437c3c,v2,530000,,,메리다,스컬트라100,,,,
09_sports_leisure-demo-000919,09_sports_leisure,09,ba1087264dfb85fc,v2,50000,,,테일러메이드,로사 몬자,,,,
09_sports_leisure-demo-000920,09_sports_leisure,09,c60788dbeffeeed5,v2,620000,,,트위터,R10,,,,
09_sports_leisure-demo-000921,09_sports_leisure,09,b4c0efb7d49d165a,v2,750000,,,나이키,이스케이프2,,,,
09_sports_leisure-demo-000922,09_sports_leisure,09,686f4e1e317fde8b,v2,270000,,,블랙캣,D50 MTB,,,,
09_sports_leisure-demo-000923,09_sports_leisure,09,d87e72a74e2fafa5,v2,990000,,,세임 바이커,GO9,,,,
09_sports_leisure-demo-000924,09_sports_leisure,09,09174ba9cb4d90e8,v2,280000,,,테일러메이드,MP600,,,,
09_sports_leisure-demo-000925,09_sports_leisure,09,4c5deb2faa560640,v2,245000,,,첼로,솔레이어 105,,,,
09_sports_leisure-demo-000926,09_sports_leisure,09,e977372b5bdc1e8a,v2,980000,,,트렉,SL5 디스크,,,,
09_sports_leisure-demo-000927,09_sports_leisure,09,615492f8a32a42f8,v2,150000,,,히로마쓰 모토,ENA,,,,
09_sports_leisure-demo-000928,09_sports_leisure,09,e3d08fecd1d7c935,v2,1250000,,,히토미혼마,5스타,,,,
09_sports_leisure-demo-000929,09_sports_leisure,09,89147ea8ac2e8a99,v2,729903,,,미즈노,트러스티 러스티,,,,
09_sports_leisure-demo-000930,09_sports_leisure,09,5d55f973f175aed3,v2,70000,,,K2,하이퍼 ERC,,,,
09_sports_leisure-demo-000931,09_sports_leisure,09,3b8222725d1383d7,v2,1400000,,,스페셜라이즈드,Tarmac SL5,,,,
09_sports_leisure-demo-000932,09_sports_leisure,09,0449cf27eee055e8,v2,3700000,,,자이언트,프로0 디스크,,,,
09_sports_leisure-demo-000933,09_sports_leisure,09,5c18029388b1f6cd,v2,130000,,,알톤,14D,,,,
09_sports_leisure-demo-000934,09_sports_leisure,09,a254a6d8faa42939,v2,450000,,,콘스탄틴,카멜레온,,,,
09_sports_leisure-demo-000935,09_sports_leisure,09,7e31be02bdacf5c3,v2,450000,,,이와키,크림슨 시리즈 770,,,,
09_sports_leisure-demo-000936,09_sports_leisure,09,089de61793732e18,v2,490000,,,엘파마,"레이다 R5800, 에포카 E5800",,,,
09_sports_leisure-demo-000937,09_sports_leisure,09,7366d86389b6ff5f,v2,570000,,,prgr,스컬트라 100 2025,,,,
09_sports_leisure-demo-000938,09_sports_leisure,09,6cdac14713f1f136,v2,990000,,,메리다,ENA,,,,
09_sports_leisure-demo-000939,09_sports_leisure,09,3b8222725d1383d7,v2,1400000,,,스페셜라이즈드,Tarmac SL5,,,,
09_sports_leisure-demo-000940,09_sports_leisure,09,7e31be02bdacf5c3,v2,450000,,,이와키,XV 2.4,,,,
09_sports_leisure-demo-000941,09_sports_leisure,09,37fe62e649abbd01,v2,35000,,,MacGregor,에딕트 15 Di2,,,,
09_sports_leisure-demo-000942,09_sports_leisure,09,fc8711b705206014,v2,70000,,,삼천리,펠릭스,,,,
09_sports_leisure-demo-000943,09_sports_leisure,09,372d05f7ad18103d,v2,2400000,,,스캇,RC TEAM,,,,
09_sports_leisure-demo-000944,09_sports_leisure,09,733b9f7aa0bf14e3,v2,550000,,,젝시오,로사 몬자,,,,
09_sports_leisure-demo-000945,09_sports_leisure,09,3a532c5444c484a3,v2,725767,,,테일러메이드,Quincy,,,,
09_sports_leisure-demo-000946,09_sports_leisure,09,a309e550b2df6cd1,v2,1600000,,,자이언트,TCR 어드밴스 2 KOM 2024,,,,
09_sports_leisure-demo-000947,09_sports_leisure,09,4df50eb31c756ff4,v2,430000,,,테일러메이드,버나드 2019년식,,,,
09_sports_leisure-demo-000948,09_sports_leisure,09,ecbd6fc79b298491,v2,75000,,,젝시오,MP300,,,,
09_sports_leisure-demo-000949,09_sports_leisure,09,836709c137a7d758,v2,1080000,,,BESV,R10,,,,
09_sports_leisure-demo-000950,09_sports_leisure,09,deb6d59be8f66f19,v2,68000,,,언노운,XR 포지드,,,,
09_sports_leisure-demo-000951,09_sports_leisure,09,89147ea8ac2e8a99,v2,716073,,,미즈노,A10 프로,,,,
09_sports_leisure-demo-000952,09_sports_leisure,09,09174ba9cb4d90e8,v2,280000,,,투어스테이지,3S,,,,
09_sports_leisure-demo-000953,09_sports_leisure,09,19e9cd26cd516dd6,v2,500000,,,엑사이더,ES590,,,,
09_sports_leisure-demo-000954,09_sports_leisure,09,e0254356d0460b90,v2,84000,,,스릭슨,Z TX,,,,
09_sports_leisure-demo-000955,09_sports_leisure,09,1467ccea77b29530,v2,305000,,,야마하,마린6 2022,,,,
09_sports_leisure-demo-000956,09_sports_leisure,09,3a532c5444c484a3,v2,635764,,,테일러메이드,S5,,,,
09_sports_leisure-demo-000957,09_sports_leisure,09,f1a50f97f2a77f00,v2,740000,,,투어스테이지,FX1,,,,
09_sports_leisure-demo-000958,09_sports_leisure,09,778e427bda624da6,v2,780000,,,GIOS,STILO,,,,
09_sports_leisure-demo-000959,09_sports_leisure,09,b542de6a42b832fb,v2,75000,,,나이키,SQ 460,,,,
09_sports_leisure-demo-000960,09_sports_leisure,09,c0f7016168e0560b,v2,1200000,,,마루망,베리티 VIP,,,,
09_sports_leisure-demo-000961,09_sports_leisure,09,89147ea8ac2e8a99,v2,732783,,,미즈노,FX1,,,,
09_sports_leisure-demo-000962,09_sports_leisure,09,009ebecf164f7699,v2,64000,,,테일러메이드,ZTP,,,,
09_sports_leisure-demo-000963,09_sports_leisure,09,89147ea8ac2e8a99,v2,774241,,,미즈노,X50,,,,
09_sports_leisure-demo-000964,09_sports_leisure,09,9783a760b3a6a838,v2,200000,,,데이비드,슈퍼 CV TRC,,,,
09_sports_leisure-demo-000965,09_sports_leisure,09,deb6d59be8f66f19,v2,68000,,,테일러메이드,XR 포지드,,,,
09_sports_leisure-demo-000966,09_sports_leisure,09,2d1083b6a9ca02a6,v2,460000,,,랑케레이시,XT750,,,,
09_sports_leisure-demo-000967,09_sports_leisure,09,5e5c67e90393ec74,v2,550000,,,엘파마,D50 MTB,,,,
09_sports_leisure-demo-000968,09_sports_leisure,09,89147ea8ac2e8a99,v2,750027,,,미즈노,TX-V,,,,
09_sports_leisure-demo-000969,09_sports_leisure,09,e977372b5bdc1e8a,v2,980000,,,트렉,SL5 디스크,,,,
09_sports_leisure-demo-000970,09_sports_leisure,09,b4c0efb7d49d165a,v2,750000,,,나이키,3000,,,,
09_sports_leisure-demo-000971,09_sports_leisure,09,525b7b2c661c1235,v2,450000,,,이와키,XV 1.9,,,,
09_sports_leisure-demo-000972,09_sports_leisure,09,afe015cd2c5c4b06,v2,500000,,,삼천리,E-ROADSTAR,,,,
09_sports_leisure-demo-000973,09_sports_leisure,09,c60788dbeffeeed5,v2,620000,,,트위터,R10,,,,
09_sports_leisure-demo-000974,09_sports_leisure,09,b542de6a42b832fb,v2,75000,,,나이키,SQ 460,,,,
09_sports_leisure-demo-000975,09_sports_leisure,09,a9eba576530636d5,v2,70000,,,엑사이더,싱귤러리티2 2024,,,,
09_sports_leisure-demo-000976,09_sports_leisure,09,29e51dd16d670b29,v2,430000,,,삼천리,칼라스 70,,,,
09_sports_leisure-demo-000977,09_sports_leisure,09,19e9cd26cd516dd6,v2,500000,,,엑사이더,ES590,,,,
09_sports_leisure-demo-000978,09_sports_leisure,09,3a532c5444c484a3,v2,762077,,,테일러메이드,하이퍼 ERC,,,,
09_sports_leisure-demo-000979,09_sports_leisure,09,a3e13bf6998d3d15,v2,50000,,,PGA,BW02,,,,
09_sports_leisure-demo-000980,09_sports_leisure,09,16888b0e7fcf76e4,v2,1700000,,,자이언트,리볼트 어드밴스 프로 1,,,,
09_sports_leisure-demo-000981,09_sports_leisure,09,b34a95203b7a4c67,v2,59000,,,핑,앤서,,,,
09_sports_leisure-demo-000982,09_sports_leisure,09,a7aad7afb0886372,v2,100000,,,SERFAS,V7,,,,
09_sports_leisure-demo-000983,09_sports_leisure,09,fc572e188a52ac0f,v2,470000,,,미즈노,JPX 800,,,,
09_sports_leisure-demo-000984,09_sports_leisure,09,4c5deb2faa560640,v2,245000,,,첼로,솔레이어 105,,,,
09_sports_leisure-demo-000985,09_sports_leisure,09,06a6318c48138df1,v2,40000,,,SYARD,TX-V,,,,
09_sports_leisure-demo-000986,09_sports_leisure,09,1bc090c4a2db5830,v2,75000,,,오디세이,화이트핫 5,,,,
09_sports_leisure-demo-000987,09_sports_leisure,09,09174ba9cb4d90e8,v2,280000,,,켈러웨이,EDGE,,,,
09_sports_leisure-demo-000988,09_sports_leisure,09,4c8c752d2097023a,v2,58000,,,오디세이,크림슨 시리즈 770,,,,
09_sports_leisure-demo-000989,09_sports_leisure,09,e28c95436eebacd3,v2,80000,,,위더피플,크릿디,,,,
09_sports_leisure-demo-000990,09_sports_leisure,09,778e427bda624da6,v2,780000,,,GIOS,STILO,,,,
09_sports_leisure-demo-000991,09_sports_leisure,09,b2605246bb437c3c,v2,530000,,,메리다,스컬트라100,,,,
09_sports_leisure-demo-000992,09_sports_leisure,09,da6f18d1009e3d50,v2,280000,,,핑,이스케이프2,,,,
09_sports_leisure-demo-000993,09_sports_leisure,09,83d939bc6f43fafe,v2,400000,,,로드마스터,룰렛,,,,
09_sports_leisure-demo-000994,09_sports_leisure,09,99cf471ea1729465,v2,303000,,,트렉,Domane AL2,,,,
09_sports_leisure-demo-000995,09_sports_leisure,09,cd3713c9ddae3a6d,v2,2500000,,,SMD,v7,,,,
09_sports_leisure-demo-000996,09_sports_leisure,09,a961ff12c5db10de,v2,4200000,,,자이언트,프로펠 어드벤스 프로0 di2,,,,
09_sports_leisure-demo-000997,09_sports_leisure,09,259dcba6d8005906,v2,490000,,,야마하,INPRES RMX CB FORGED,,,,
09_sports_leisure-demo-000998,09_sports_leisure,09,5e5c67e90393ec74,v2,550000,,,엘파마,E2000D,,,,
09_sports_leisure-demo-000999,09_sports_leisure,09,a4c2d27566ca4ca3,v2,520000,,,KAISER,KP-O3,,,,
