item_id,category_name,category_code,spec_key_hash,hash_version,used_price,book_type,exam_name,exam_stage,subject_or_part,publisher_brand,volume_type,edition_or_target_year,set_included_count
14_books-demo-000000,14_books,14,97a9ace57d6e03a0,v2,5000,,,,,,,,
14_books-demo-000001,14_books,14,83687b0088e541ad,v2,70000,,,,,,,,
14_books-demo-000002,14_books,14,5f5acf8f030de0d2,v2,12000,,,,,,,,
14_books-demo-000003,14_books,14,1dd07ddc0e3902bd,v2,5000,,,,,,,,
14_books-demo-000004,14_books,14,a811035b212a6b83,v2,18000,,,,,,,,
14_books-demo-000005,14_books,14,55b8bb7fa5ea5d38,v2,13000,,,,,,,,
14_books-demo-000006,14_books,14,3e46c825298f0189,v2,6500,,,,,,,,
14_books-demo-000007,14_books,14,db647b01822424e1,v2,15000,,,,,,,,
14_books-demo-000008,14_books,14,778462686610199d,v2,12800,,,,,,,,
14_books-demo-000009,14_books,14,0dbc07a12dd15887,v2,7000,,,,,,,,
14_books-demo-000010,14_books,14,0430a70851107767,v2,103758,,,,,,,,
14_books-demo-000011,14_books,14,0d454d858639352f,v2,15000,,,,,,,,
14_books-demo-000012,14_books,14,48a24bd539968f56,v2,5000,,,,,,,,
14_books-demo-000013,14_books,14,0430a70851107767,v2,113748,,,,,,,,
14_books-demo-000014,14_books,14,db647b01822424e1,v2,15000,,,,,,,,
14_books-demo-000015,14_books,14,1dd07ddc0e3902bd,v2,16271,,,,,,,,
14_books-demo-000016,14_books,14,d679fce1800dac25,v2,6000,,,,,,,,
14_books-demo-000017,14_books,14,29d179c225a50f65,v2,13000,,,,,,,,
14_books-demo-000018,14_books,14,067dd75440f0ce32,v2,5000,,,,,,,,
14_books-demo-000019,14_books,14,0430a70851107767,v2,56009,,,,,,,,
14_books-demo-000020,14_books,14,5f5acf8f030de0d2,v2,12000,,,,,,,,
14_books-demo-000021,14_books,14,98d3a74a5524a30d,v2,6332,,,,,,,,
14_books-demo-000022,14_books,14,e30c9387eef8f066,v2,42000,,,,,,,,
14_books-demo-000023,14_books,14,7834f6a4c9ffe180,v2,330000,,,,,,,,
14_books-demo-000024,14_books,14,0d454d858639352f,v2,15000,,,,,,,,
14_books-demo-000025,14_books,14,6de1e959aa505bae,v2,25000,,,,,,,,
14_books-demo-000026,14_books,14,b2617cb5bd86622d,v2,10000,,,,,,,,
14_books-demo-000027,14_books,14,9f43b937245fc243,v2,7000,,,,,,,,
14_books-demo-000028,14_books,14,efa379274661eb90,v2,9000,,,,,,,,
14_books-demo-000029,14_books,14,dfaaaaffd934c4ad,v2,30000,,,,,,,,
14_books-demo-000030,14_books,14,0430a70851107767,v2,47595,,,,,,,,
14_books-demo-000031,14_books,14,a811035b212a6b83,v2,18000,,,,,,,,
14_books-demo-000032,14_books,14,0430a70851107767,v2,86542,,,,,,,,
14_books-demo-000033,14_books,14,acecba58340d9da9,v2,110000,,,,,,,,
14_books-demo-000034,14_books,14,ff4f0c7e9ea7f636,v2,30000,,,,,,,,
14_books-demo-000035,14_books,14,404ea591d2bd4d4b,v2,23000,,,,,,,,
14_books-demo-000036,14_books,14,c99d7cff54f6d25d,v2,8900,,,,,,,,
14_books-demo-000037,14_books,14,0430a70851107767,v2,73450,,,,,,,,
14_books-demo-000038,14_books,14,97a9ace57d6e03a0,v2,5001,,,,,,,,
14_books-demo-000039,14_books,14,4689da208bbaa0d8,v2,50000,,,,,,,,
14_books-demo-000040,14_books,14,97a9ace57d6e03a0,v2,5000,,,,,,,,
14_books-demo-000041,14_books,14,6b23f3a2653b26aa,v2,7000,,,,,,,,
14_books-demo-000042,14_books,14,f3e31988ba846566,v2,5000,,,,,,,,
14_books-demo-000043,14_books,14,251183e01f84cc9d,v2,4000,,,,,,,,
14_books-demo-000044,14_books,14,f3f253185d7faeac,v2,8700,,,,,,,,
14_books-demo-000045,14_books,14,a2f8326f6d0c44db,v2,5000,,,,,,,,
14_books-demo-000046,14_books,14,eb666161e0e46d03,v2,15000,,,,,,,,
14_books-demo-000047,14_books,14,6b23f3a2653b26aa,v2,15900,,,,,,,,
14_books-demo-000048,14_books,14,0430a70851107767,v2,144599,,,,,,,,
14_books-demo-000049,14_books,14,404ea591d2bd4d4b,v2,23000,,,,,,,,
14_books-demo-000050,14_books,14,346273c3a40287df,v2,63000,,,,,,,,
14_books-demo-000051,14_books,14,1dd07ddc0e3902bd,v2,11332,,,,,,,,
14_books-demo-000052,14_books,14,a94cdd377d03a158,v2,90000,,,,,,,,
14_books-demo-000053,14_books,14,d15f5f3286c1ddf7,v2,14000,,,,,,,,
14_books-demo-000054,14_books,14,1dd07ddc0e3902bd,v2,6304,,,,,,,,
14_books-demo-000055,14_books,14,a811035b212a6b83,v2,18000,,,,,,,,
14_books-demo-000056,14_books,14,1dd07ddc0e3902bd,v2,10355,,,,,,,,
14_books-demo-000057,14_books,14,eb666161e0e46d03,v2,150000,,,,,,,,
14_books-demo-000058,14_books,14,5f5acf8f030de0d2,v2,12000,,,,,,,,
14_books-demo-000059,14_books,14,a2f634382f241823,v2,10000,,,,,,,,
14_books-demo-000060,14_books,14,699b35beba337cb0,v2,9500,,,,,,,,
14_books-demo-000061,14_books,14,c422f44d10f6aec5,v2,12000,,,,,,,,
14_books-demo-000062,14_books,14,0430a70851107767,v2,142228,,,,,,,,
14_books-demo-000063,14_books,14,c99d7cff54f6d25d,v2,8900,,,,,,,,
14_books-demo-000064,14_books,14,e90015a27729669c,v2,15000,,,,,,,,
14_books-demo-000065,14_books,14,fe650b05eced0137,v2,20000,,,,,,,,
14_books-demo-000066,14_books,14,6b23f3a2653b26aa,v2,8209,,,,,,,,
14_books-demo-000067,14_books,14,18272ce68456797e,v2,12000,,,,,,,,
14_books-demo-000068,14_books,14,067dd75440f0ce32,v2,12000,,,,,,,,
14_books-demo-000069,14_books,14,97a9ace57d6e03a0,v2,5001,,,,,,,,
14_books-demo-000070,14_books,14,0d454d858639352f,v2,15000,,,,,,,,
14_books-demo-000071,14_books,14,af944b1a92866adf,v2,15000,,,,,,,,
14_books-demo-000072,14_books,14,dfaaaaffd934c4ad,v2,30000,,,,,,,,
14_books-demo-000073,14_books,14,8532fca8ec4a649c,v2,13000,,,,,,,,
14_books-demo-000074,14_books,14,83687b0088e541ad,v2,70000,,,,,,,,
14_books-demo-000075,14_books,14,fa5093198fdc93e3,v2,3000,,,,,,,,
14_books-demo-000076,14_books,14,a84981e4c63937fc,v2,10000,,,,,,,,
14_books-demo-000077,14_books,14,af4dc1f614c3e211,v2,12000,,,,,,,,
14_books-demo-000078,14_books,14,6b23f3a2653b26aa,v2,11572,,,,,,,,
14_books-demo-000079,14_books,14,c2728004fe339ba8,v2,12000,,,,,,,,
14_books-demo-000080,14_books,14,703460d625c6c2c9,v2,12000,,,,,,,,
14_books-demo-000081,14_books,14,f3e31988ba846566,v2,23000,,,,,,,,
14_books-demo-000082,14_books,14,6914c0999b108a75,v2,16000,,,,,,,,
14_books-demo-000083,14_books,14,6b23f3a2653b26aa,v2,13355,,,,,,,,
14_books-demo-000084,14_books,14,f354ede268bbb876,v2,13000,,,,,,,,
14_books-demo-000085,14_books,14,c99d7cff54f6d25d,v2,8900,,,,,,,,
14_books-demo-000086,14_books,14,09e9921593345745,v2,3290,,,,,,,,
14_books-demo-000087,14_books,14,0430a70851107767,v2,32127,,,,,,,,
14_books-demo-000088,14_books,14,83687b0088e541ad,v2,70000,,,,,,,,
14_books-demo-000089,14_books,14,0430a70851107767,v2,117824,,,,,,,,
14_books-demo-000090,14_books,14,9f43b937245fc243,v2,7000,,,,,,,,
14_books-demo-000091,14_books,14,269c399edea3a858,v2,16000,,,,,,,,
14_books-demo-000092,14_books,14,fa5093198fdc93e3,v2,3000,,,,,,,,
14_books-demo-000093,14_books,14,7b09d7867803b4bb,v2,23100,,,,,,,,
14_books-demo-000094,14_books,14,0dbc07a12dd15887,v2,7000,,,,,,,,
14_books-demo-000095,14_books,14,6b23f3a2653b26aa,v2,16200,,,,,,,,
14_books-demo-000096,14_books,14,8532fca8ec4a649c,v2,13000,,,,,,,,
14_books-demo-000097,14_books,14,efa379274661eb90,v2,9000,,,,,,,,
14_books-demo-000098,14_books,14,f7502acce0dc68c2,v2,160000,,,,,,,,
14_books-demo-000099,14_books,14,cec09f4ca5cb7cb0,v2,13000,,,,,,,,
14_books-demo-000100,14_books,14,f6324cf7629becc9,v2,10000,,,,,,,,
14_books-demo-000101,14_books,14,6306dc70ec9020dd,v2,77280,,,,,,,,
14_books-demo-000102,14_books,14,0430a70851107767,v2,92660,,,,,,,,
14_books-demo-000103,14_books,14,0d454d858639352f,v2,15000,,,,,,,,
14_books-demo-000104,14_books,14,0430a70851107767,v2,97990,,,,,,,,
14_books-demo-000105,14_books,14,e934230818e5187a,v2,27000,,,,,,,,
14_books-demo-000106,14_books,14,636ec353946ea0bb,v2,17000,,,,,,,,
14_books-demo-000107,14_books,14,9f43b937245fc243,v2,7000,,,,,,,,
14_books-demo-000108,14_books,14,866265abf965c48c,v2,63000,,,,,,,,
14_books-demo-000109,14_books,14,6914c0999b108a75,v2,16000,,,,,,,,
14_books-demo-000110,14_books,14,0dbc07a12dd15887,v2,7000,,,,,,,,
14_books-demo-000111,14_books,14,346273c3a40287df,v2,63000,,,,,,,,
14_books-demo-000112,14_books,14,703460d625c6c2c9,v2,12000,,,,,,,,
14_books-demo-000113,14_books,14,d5f90dcc8b3f9187,v2,80000,,,,,,,,
14_books-demo-000114,14_books,14,97a9ace57d6e03a0,v2,5000,,,,,,,,
14_books-demo-000115,14_books,14,f7502acce0dc68c2,v2,160000,,,,,,,,
14_books-demo-000116,14_books,14,0dbc07a12dd15887,v2,7000,,,,,,,,
14_books-demo-000117,14_books,14,18272ce68456797e,v2,12000,,,,,,,,
14_books-demo-000118,14_books,14,770646261b3277a4,v2,14000,,,,,,,,
14_books-demo-000119,14_books,14,ba2405b5037f6341,v2,20000,,,,,,,,
14_books-demo-000120,14_books,14,e30c9387eef8f066,v2,42000,,,,,,,,
14_books-demo-000121,14_books,14,0430a70851107767,v2,49090,,,,,,,,
14_books-demo-000122,14_books,14,9bcd4353864e0bcb,v2,20000,,,,,,,,
14_books-demo-000123,14_books,14,fa5093198fdc93e3,v2,3000,,,,,,,,
14_books-demo-000124,14_books,14,eb666161e0e46d03,v2,15000,,,,,,,,
14_books-demo-000125,14_books,14,cec09f4ca5cb7cb0,v2,13000,,,,,,,,
14_books-demo-000126,14_books,14,0430a70851107767,v2,46613,,,,,,,,
14_books-demo-000127,14_books,14,0430a70851107767,v2,139695,,,,,,,,
14_books-demo-000128,14_books,14,3231944eb3ada13a,v2,7500,,,,,,,,
14_books-demo-000129,14_books,14,786a5bdfa6f4bc10,v2,160000,,,,,,,,
14_books-demo-000130,14_books,14,067dd75440f0ce32,v2,12000,,,,,,,,
14_books-demo-000131,14_books,14,2501cbd41616bc33,v2,12000,,,,,,,,
14_books-demo-000132,14_books,14,88a9393149a0da0a,v2,11000,,,,,,,,
14_books-demo-000133,14_books,14,6306dc70ec9020dd,v2,130000,,,,,,,,
14_books-demo-000134,14_books,14,af944b1a92866adf,v2,15000,,,,,,,,
14_books-demo-000135,14_books,14,a94cdd377d03a158,v2,90000,,,,,,,,
14_books-demo-000136,14_books,14,97a9ace57d6e03a0,v2,5001,,,,,,,,
14_books-demo-000137,14_books,14,0430a70851107767,v2,145591,,,,,,,,
14_books-demo-000138,14_books,14,6306dc70ec9020dd,v2,99836,,,,,,,,
14_books-demo-000139,14_books,14,2501cbd41616bc33,v2,12000,,,,,,,,
14_books-demo-000140,14_books,14,0430a70851107767,v2,57994,,,,,,,,
14_books-demo-000141,14_books,14,0430a70851107767,v2,67303,,,,,,,,
14_books-demo-000142,14_books,14,09e9921593345745,v2,3290,,,,,,,,
14_books-demo-000143,14_books,14,0430a70851107767,v2,147946,,,,,,,,
14_books-demo-000144,14_books,14,ff4f0c7e9ea7f636,v2,30000,,,,,,,,
14_books-demo-000145,14_books,14,3e46c825298f0189,v2,6000,,,,,,,,
14_books-demo-000146,14_books,14,0430a70851107767,v2,121039,,,,,,,,
14_books-demo-000147,14_books,14,cec09f4ca5cb7cb0,v2,13000,,,,,,,,
14_books-demo-000148,14_books,14,f3e31988ba846566,v2,23000,,,,,,,,
14_books-demo-000149,14_books,14,0430a70851107767,v2,134162,,,,,,,,
14_books-demo-000150,14_books,14,3d30d3c7aad97619,v2,58000,,,,,,,,
14_books-demo-000151,14_books,14,6914c0999b108a75,v2,16000,,,,,,,,
14_books-demo-000152,14_books,14,eb666161e0e46d03,v2,15000,,,,,,,,
14_books-demo-000153,14_books,14,6306dc70ec9020dd,v2,100795,,,,,,,,
14_books-demo-000154,14_books,14,0f1805b152418079,v2,17000,,,,,,,,
14_books-demo-000155,14_books,14,786a5bdfa6f4bc10,v2,160000,,,,,,,,
14_books-demo-000156,14_books,14,778462686610199d,v2,12800,,,,,,,,
14_books-demo-000157,14_books,14,3231944eb3ada13a,v2,7500,,,,,,,,
14_books-demo-000158,14_books,14,0430a70851107767,v2,122121,,,,,,,,
14_books-demo-000159,14_books,14,bc0016f28aceca72,v2,35000,,,,,,,,
14_books-demo-000160,14_books,14,2501cbd41616bc33,v2,14097,,,,,,,,
14_books-demo-000161,14_books,14,55b8bb7fa5ea5d38,v2,13000,,,,,,,,
14_books-demo-000162,14_books,14,004ca082542319c6,v2,10000,,,,,,,,
14_books-demo-000163,14_books,14,a2f634382f241823,v2,12000,,,,,,,,
14_books-demo-000164,14_books,14,18272ce68456797e,v2,12000,,,,,,,,
14_books-demo-000165,14_books,14,4badbf154f32912d,v2,12000,,,,,,,,
14_books-demo-000166,14_books,14,3d30d3c7aad97619,v2,58000,,,,,,,,
14_books-demo-000167,14_books,14,7834f6a4c9ffe180,v2,330000,,,,,,,,
14_books-demo-000168,14_books,14,404ea591d2bd4d4b,v2,23000,,,,,,,,
14_books-demo-000169,14_books,14,0430a70851107767,v2,52706,,,,,,,,
14_books-demo-000170,14_books,14,9bcd4353864e0bcb,v2,20000,,,,,,,,
14_books-demo-000171,14_books,14,0430a70851107767,v2,150993,,,,,,,,
14_books-demo-000172,14_books,14,6306dc70ec9020dd,v2,119405,,,,,,,,
14_books-demo-000173,14_books,14,6306dc70ec9020dd,v2,74669,,,,,,,,
14_books-demo-000174,14_books,14,c2d8be7045b8dbee,v2,11000,,,,,,,,
14_books-demo-000175,14_books,14,1dd07ddc0e3902bd,v2,15677,,,,,,,,
14_books-demo-000176,14_books,14,faa375fd9043c115,v2,12000,,,,,,,,
14_books-demo-000177,14_books,14,d482a66ae73a9fc9,v2,35000,,,,,,,,
14_books-demo-000178,14_books,14,1dd07ddc0e3902bd,v2,9433,,,,,,,,
14_books-demo-000179,14_books,14,0430a70851107767,v2,45321,,,,,,,,
14_books-demo-000180,14_books,14,0430a70851107767,v2,122269,,,,,,,,
14_books-demo-000181,14_books,14,0430a70851107767,v2,150569,,,,,,,,
14_books-demo-000182,14_books,14,786a5bdfa6f4bc10,v2,160000,,,,,,,,
14_books-demo-000183,14_books,14,9f43b937245fc243,v2,7000,,,,,,,,
14_books-demo-000184,14_books,14,251183e01f84cc9d,v2,4000,,,,,,,,
14_books-demo-000185,14_books,14,bc0016f28aceca72,v2,35000,,,,,,,,
14_books-demo-000186,14_books,14,843799fa0b0ffd9d,v2,8000,,,,,,,,
14_books-demo-000187,14_books,14,db647b01822424e1,v2,15000,,,,,,,,
14_books-demo-000188,14_books,14,09e9921593345745,v2,3290,,,,,,,,
14_books-demo-000189,14_books,14,af5f097480712ca9,v2,9500,,,,,,,,
14_books-demo-000190,14_books,14,703460d625c6c2c9,v2,12000,,,,,,,,
14_books-demo-000191,14_books,14,9f43b937245fc243,v2,7000,,,,,,,,
14_books-demo-000192,14_books,14,a811035b212a6b83,v2,18000,,,,,,,,
14_books-demo-000193,14_books,14,089874fbede2068d,v2,8500,,,,,,,,
14_books-demo-000194,14_books,14,90380e8ede8db68c,v2,30000,,,,,,,,
14_books-demo-000195,14_books,14,e6fe3f0d759ef432,v2,65000,,,,,,,,
14_books-demo-000196,14_books,14,efa379274661eb90,v2,9000,,,,,,,,
14_books-demo-000197,14_books,14,d15f5f3286c1ddf7,v2,14000,,,,,,,,
14_books-demo-000198,14_books,14,11e095ed54239617,v2,24000,,,,,,,,
14_books-demo-000199,14_books,14,68d6c5461492eb5b,v2,24000,,,,,,,,
14_books-demo-000200,14_books,14,6306dc70ec9020dd,v2,67575,,,,,,,,
14_books-demo-000201,14_books,14,1dd07ddc0e3902bd,v2,5498,,,,,,,,
14_books-demo-000202,14_books,14,d482a66ae73a9fc9,v2,35000,,,,,,,,
14_books-demo-000203,14_books,14,1dd07ddc0e3902bd,v2,5000,,,,,,,,
14_books-demo-000204,14_books,14,ff4f0c7e9ea7f636,v2,30000,,,,,,,,
14_books-demo-000205,14_books,14,c422f44d10f6aec5,v2,12000,,,,,,,,
14_books-demo-000206,14_books,14,c422f44d10f6aec5,v2,12000,,,,,,,,
14_books-demo-000207,14_books,14,6306dc70ec9020dd,v2,130000,,,,,,,,
14_books-demo-000208,14_books,14,1d242fa48f0cb1a4,v2,53000,,,,,,,,
14_books-demo-000209,14_books,14,1dd07ddc0e3902bd,v2,14186,,,,,,,,
14_books-demo-000210,14_books,14,6306dc70ec9020dd,v2,130000,,,,,,,,
14_books-demo-000211,14_books,14,18272ce68456797e,v2,12000,,,,,,,,
14_books-demo-000212,14_books,14,6b23f3a2653b26aa,v2,7546,,,,,,,,
14_books-demo-000213,14_books,14,96186573a7f6e06f,v2,68000,,,,,,,,
14_books-demo-000214,14_books,14,3e46c825298f0189,v2,6000,,,,,,,,
14_books-demo-000215,14_books,14,0f1805b152418079,v2,12500,,,,,,,,
14_books-demo-000216,14_books,14,88a9393149a0da0a,v2,11000,,,,,,,,
14_books-demo-000217,14_books,14,3231944eb3ada13a,v2,7500,,,,,,,,
14_books-demo-000218,14_books,14,29d179c225a50f65,v2,13000,,,,,,,,
14_books-demo-000219,14_books,14,f3f253185d7faeac,v2,8700,,,,,,,,
14_books-demo-000220,14_books,14,404ea591d2bd4d4b,v2,23000,,,,,,,,
14_books-demo-000221,14_books,14,0f1805b152418079,v2,12500,,,,,,,,
14_books-demo-000222,14_books,14,d679fce1800dac25,v2,6000,,,,,,,,
14_books-demo-000223,14_books,14,6b23f3a2653b26aa,v2,7000,,,,,,,,
14_books-demo-000224,14_books,14,089874fbede2068d,v2,8500,,,,,,,,
14_books-demo-000225,14_books,14,3231944eb3ada13a,v2,7500,,,,,,,,
14_books-demo-000226,14_books,14,bc0016f28aceca72,v2,35000,,,,,,,,
14_books-demo-000227,14_books,14,0430a70851107767,v2,135938,,,,,,,,
14_books-demo-000228,14_books,14,96186573a7f6e06f,v2,68000,,,,,,,,
14_books-demo-000229,14_books,14,0f1805b152418079,v2,17000,,,,,,,,
14_books-demo-000230,14_books,14,0f1805b152418079,v2,17000,,,,,,,,
14_books-demo-000231,14_books,14,88a9393149a0da0a,v2,11000,,,,,,,,
14_books-demo-000232,14_books,14,98d3a74a5524a30d,v2,35690,,,,,,,,
14_books-demo-000233,14_books,14,d5f90dcc8b3f9187,v2,80000,,,,,,,,
14_books-demo-000234,14_books,14,0430a70851107767,v2,18644,,,,,,,,
14_books-demo-000235,14_books,14,4badbf154f32912d,v2,12000,,,,,,,,
14_books-demo-000236,14_books,14,6b23f3a2653b26aa,v2,7051,,,,,,,,
14_books-demo-000237,14_books,14,9f43b937245fc243,v2,7000,,,,,,,,
14_books-demo-000238,14_books,14,af944b1a92866adf,v2,15000,,,,,,,,
14_books-demo-000239,14_books,14,6306dc70ec9020dd,v2,130000,,,,,,,,
14_books-demo-000240,14_books,14,778462686610199d,v2,12800,,,,,,,,
14_books-demo-000241,14_books,14,0dbc07a12dd15887,v2,7000,,,,,,,,
14_books-demo-000242,14_books,14,0430a70851107767,v2,19032,,,,,,,,
14_books-demo-000243,14_books,14,af944b1a92866adf,v2,15000,,,,,,,,
14_books-demo-000244,14_books,14,18272ce68456797e,v2,12000,,,,,,,,
14_books-demo-000245,14_books,14,6306dc70ec9020dd,v2,52573,,,,,,,,
14_books-demo-000246,14_books,14,6306dc70ec9020dd,v2,130000,,,,,,,,
14_books-demo-000247,14_books,14,a94cdd377d03a158,v2,90000,,,,,,,,
14_books-demo-000248,14_books,14,8532fca8ec4a649c,v2,13000,,,,,,,,
14_books-demo-000249,14_books,14,24715220770399e5,v2,3000,,,,,,,,
14_books-demo-000250,14_books,14,4e9f99d2d84725b1,v2,20000,,,,,,,,
14_books-demo-000251,14_books,14,1dd07ddc0e3902bd,v2,10078,,,,,,,,
14_books-demo-000252,14_books,14,97a9ace57d6e03a0,v2,5000,,,,,,,,
14_books-demo-000253,14_books,14,6b23f3a2653b26aa,v2,7586,,,,,,,,
14_books-demo-000254,14_books,14,0430a70851107767,v2,111579,,,,,,,,
14_books-demo-000255,14_books,14,98d3a74a5524a30d,v2,40000,,,,,,,,
14_books-demo-000256,14_books,14,251183e01f84cc9d,v2,4000,,,,,,,,
14_books-demo-000257,14_books,14,6306dc70ec9020dd,v2,130000,,,,,,,,
14_books-demo-000258,14_books,14,b2617cb5bd86622d,v2,10000,,,,,,,,
14_books-demo-000259,14_books,14,0430a70851107767,v2,136675,,,,,,,,
14_books-demo-000260,14_books,14,843799fa0b0ffd9d,v2,8000,,,,,,,,
14_books-demo-000261,14_books,14,6b23f3a2653b26aa,v2,7000,,,,,,,,
14_books-demo-000262,14_books,14,089874fbede2068d,v2,8500,,,,,,,,
14_books-demo-000263,14_books,14,0dbc07a12dd15887,v2,7000,,,,,,,,
14_books-demo-000264,14_books,14,9bcd4353864e0bcb,v2,20000,,,,,,,,
14_books-demo-000265,14_books,14,68d6c5461492eb5b,v2,24000,,,,,,,,
14_books-demo-000266,14_books,14,089874fbede2068d,v2,8500,,,,,,,,
14_books-demo-000267,14_books,14,90380e8ede8db68c,v2,30000,,,,,,,,
14_books-demo-000268,14_books,14,4badbf154f32912d,v2,12000,,,,,,,,
14_books-demo-000269,14_books,14,0430a70851107767,v2,148117,,,,,,,,
14_books-demo-000270,14_books,14,4689da208bbaa0d8,v2,50000,,,,,,,,
14_books-demo-000271,14_books,14,d5f90dcc8b3f9187,v2,80000,,,,,,,,
14_books-demo-000272,14_books,14,e934230818e5187a,v2,27000,,,,,,,,
14_books-demo-000273,14_books,14,866265abf965c48c,v2,63000,,,,,,,,
14_books-demo-000274,14_books,14,902b60717abff9ab,v2,10000,,,,,,,,
14_books-demo-000275,14_books,14,5f5acf8f030de0d2,v2,12000,,,,,,,,
14_books-demo-000276,14_books,14,af5f097480712ca9,v2,9500,,,,,,,,
14_books-demo-000277,14_books,14,efa379274661eb90,v2,9000,,,,,,,,
14_books-demo-000278,14_books,14,68d6c5461492eb5b,v2,24000,,,,,,,,
14_books-demo-000279,14_books,14,68d6c5461492eb5b,v2,24000,,,,,,,,
14_books-demo-000280,14_books,14,f7502acce0dc68c2,v2,160000,,,,,,,,
14_books-demo-000281,14_books,14,88a9393149a0da0a,v2,11000,,,,,,,,
14_books-demo-000282,14_books,14,786a5bdfa6f4bc10,v2,160000,,,,,,,,
14_books-demo-000283,14_books,14,742745782b311d27,v2,4000,,,,,,,,
14_books-demo-000284,14_books,14,6de1e959aa505bae,v2,25000,,,,,,,,
14_books-demo-000285,14_books,14,efa379274661eb90,v2,9000,,,,,,,,
14_books-demo-000286,14_books,14,37b8f3d0387aeeee,v2,13000,,,,,,,,
14_books-demo-000287,14_books,14,6b23f3a2653b26aa,v2,7000,,,,,,,,
14_books-demo-000288,14_books,14,404ea591d2bd4d4b,v2,100000,,,,,,,,
14_books-demo-000289,14_books,14,bc0016f28aceca72,v2,35000,,,,,,,,
14_books-demo-000290,14_books,14,6b23f3a2653b26aa,v2,7000,,,,,,,,
14_books-demo-000291,14_books,14,4e103071e9393d27,v2,35000,,,,,,,,
14_books-demo-000292,14_books,14,1dd07ddc0e3902bd,v2,5000,,,,,,,,
14_books-demo-000293,14_books,14,778462686610199d,v2,12800,,,,,,,,
14_books-demo-000294,14_books,14,1ea7399b701c0693,v2,180000,,,,,,,,
14_books-demo-000295,14_books,14,1dd07ddc0e3902bd,v2,13262,,,,,,,,
14_books-demo-000296,14_books,14,4689da208bbaa0d8,v2,50000,,,,,,,,
14_books-demo-000297,14_books,14,6b23f3a2653b26aa,v2,8644,,,,,,,,
14_books-demo-000298,14_books,14,c2d8be7045b8dbee,v2,11000,,,,,,,,
14_books-demo-000299,14_books,14,0dbc07a12dd15887,v2,7000,,,,,,,,
14_books-demo-000300,14_books,14,dfaaaaffd934c4ad,v2,30000,,,,,,,,
14_books-demo-000301,14_books,14,d679fce1800dac25,v2,6000,,,,,,,,
14_books-demo-000302,14_books,14,0dbc07a12dd15887,v2,28000,,,,,,,,
14_books-demo-000303,14_books,14,48a24bd539968f56,v2,5000,,,,,,,,
14_books-demo-000304,14_books,14,ff4f0c7e9ea7f636,v2,30000,,,,,,,,
14_books-demo-000305,14_books,14,1d242fa48f0cb1a4,v2,53000,,,,,,,,
14_books-demo-000306,14_books,14,3231944eb3ada13a,v2,7500,,,,,,,,
14_books-demo-000307,14_books,14,88a9393149a0da0a,v2,11000,,,,,,,,
14_books-demo-000308,14_books,14,eb666161e0e46d03,v2,150000,,,,,,,,
14_books-demo-000309,14_books,14,a2f8326f6d0c44db,v2,5000,,,,,,,,
14_books-demo-000310,14_books,14,1dd07ddc0e3902bd,v2,15072,,,,,,,,
14_books-demo-000311,14_books,14,6306dc70ec9020dd,v2,130000,,,,,,,,
14_books-demo-000312,14_books,14,af4dc1f614c3e211,v2,12000,,,,,,,,
14_books-demo-000313,14_books,14,0f1805b152418079,v2,17000,,,,,,,,
14_books-demo-000314,14_books,14,d15f5f3286c1ddf7,v2,14000,,,,,,,,
14_books-demo-000315,14_books,14,e90015a27729669c,v2,15000,,,,,,,,
14_books-demo-000316,14_books,14,786a5bdfa6f4bc10,v2,160000,,,,,,,,
14_books-demo-000317,14_books,14,7834f6a4c9ffe180,v2,330000,,,,,,,,
14_books-demo-000318,14_books,14,2501cbd41616bc33,v2,21929,,,,,,,,
14_books-demo-000319,14_books,14,a811035b212a6b83,v2,18000,,,,,,,,
14_books-demo-000320,14_books,14,a811035b212a6b83,v2,18000,,,,,,,,
14_books-demo-000321,14_books,14,1dd07ddc0e3902bd,v2,5000,,,,,,,,
14_books-demo-000322,14_books,14,efa379274661eb90,v2,9000,,,,,,,,
14_books-demo-000323,14_books,14,b2617cb5bd86622d,v2,10000,,,,,,,,
14_books-demo-000324,14_books,14,90380e8ede8db68c,v2,30000,,,,,,,,
14_books-demo-000325,14_books,14,1dd07ddc0e3902bd,v2,6375,,,,,,,,
14_books-demo-000326,14_books,14,db647b01822424e1,v2,15000,,,,,,,,
14_books-demo-000327,14_books,14,1dd07ddc0e3902bd,v2,16600,,,,,,,,
14_books-demo-000328,14_books,14,f7502acce0dc68c2,v2,160000,,,,,,,,
14_books-demo-000329,14_books,14,48a24bd539968f56,v2,5000,,,,,,,,
14_books-demo-000330,14_books,14,f3e31988ba846566,v2,5000,,,,,,,,
14_books-demo-000331,14_books,14,6b23f3a2653b26aa,v2,19736,,,,,,,,
14_books-demo-000332,14_books,14,f3bac24ab73fe3c0,v2,22000,,,,,,,,
14_books-demo-000333,14_books,14,6b23f3a2653b26aa,v2,8745,,,,,,,,
14_books-demo-000334,14_books,14,c1dfa0f5e440eb82,v2,33000,,,,,,,,
14_books-demo-000335,14_books,14,6b23f3a2653b26aa,v2,11094,,,,,,,,
14_books-demo-000336,14_books,14,cec09f4ca5cb7cb0,v2,13000,,,,,,,,
14_books-demo-000337,14_books,14,0430a70851107767,v2,145073,,,,,,,,
14_books-demo-000338,14_books,14,acecba58340d9da9,v2,110000,,,,,,,,
14_books-demo-000339,14_books,14,5dc4692b2b6ea319,v2,90000,,,,,,,,
14_books-demo-000340,14_books,14,68d6c5461492eb5b,v2,24000,,,,,,,,
14_books-demo-000341,14_books,14,1dd07ddc0e3902bd,v2,11875,,,,,,,,
14_books-demo-000342,14_books,14,ff4f0c7e9ea7f636,v2,30000,,,,,,,,
14_books-demo-000343,14_books,14,742745782b311d27,v2,4000,,,,,,,,
14_books-demo-000344,14_books,14,0dbc07a12dd15887,v2,28000,,,,,,,,
14_books-demo-000345,14_books,14,4badbf154f32912d,v2,12000,,,,,,,,
14_books-demo-000346,14_books,14,1d242fa48f0cb1a4,v2,53000,,,,,,,,
14_books-demo-000347,14_books,14,ba2405b5037f6341,v2,20000,,,,,,,,
14_books-demo-000348,14_books,14,eb666161e0e46d03,v2,150000,,,,,,,,
14_books-demo-000349,14_books,14,af4dc1f614c3e211,v2,12000,,,,,,,,
14_books-demo-000350,14_books,14,703460d625c6c2c9,v2,12000,,,,,,,,
14_books-demo-000351,14_books,14,1ea7399b701c0693,v2,180000,,,,,,,,
14_books-demo-000352,14_books,14,2501cbd41616bc33,v2,12000,,,,,,,,
14_books-demo-000353,14_books,14,6306dc70ec9020dd,v2,130000,,,,,,,,
14_books-demo-000354,14_books,14,a811035b212a6b83,v2,18000,,,,,,,,
14_books-demo-000355,14_books,14,786a5bdfa6f4bc10,v2,160000,,,,,,,,
14_books-demo-000356,14_books,14,f6324cf7629becc9,v2,10000,,,,,,,,
14_books-demo-000357,14_books,14,5dc4692b2b6ea319,v2,90000,,,,,,,,
14_books-demo-000358,14_books,14,1d242fa48f0cb1a4,v2,53000,,,,,,,,
14_books-demo-000359,14_books,14,1d242fa48f0cb1a4,v2,53000,,,,,,,,
14_books-demo-000360,14_books,14,98d3a74a5524a30d,v2,40000,,,,,,,,
14_books-demo-000361,14_books,14,269c399edea3a858,v2,16000,,,,,,,,
14_books-demo-000362,14_books,14,0430a70851107767,v2,109890,,,,,,,,
14_books-demo-000363,14_books,14,b2617cb5bd86622d,v2,10000,,,,,,,,
14_books-demo-000364,14_books,14,efa379274661eb90,v2,9000,,,,,,,,
14_books-demo-000365,14_books,14,c1dfa0f5e440eb82,v2,33000,,,,,,,,
14_books-demo-000366,14_books,14,775bd06faf3bbf75,v2,5000,,,,,,,,
14_books-demo-000367,14_books,14,251183e01f84cc9d,v2,4000,,,,,,,,
14_books-demo-000368,14_books,14,067dd75440f0ce32,v2,5000,,,,,,,,
14_books-demo-000369,14_books,14,0430a70851107767,v2,128639,,,,,,,,
14_books-demo-000370,14_books,14,b5fd4e875473c823,v2,39000,,,,,,,,
14_books-demo-000371,14_books,14,1dd07ddc0e3902bd,v2,5604,,,,,,,,
14_books-demo-000372,14_books,14,c99d7cff54f6d25d,v2,8900,,,,,,,,
14_books-demo-000373,14_books,14,e6fe3f0d759ef432,v2,65000,,,,,,,,
14_books-demo-000374,14_books,14,d5bdc295605ff4d9,v2,40000,,,,,,,,
14_books-demo-000375,14_books,14,09e9921593345745,v2,3290,,,,,,,,
14_books-demo-000376,14_books,14,11e095ed54239617,v2,24000,,,,,,,,
14_books-demo-000377,14_books,14,5dc4692b2b6ea319,v2,90000,,,,,,,,
14_books-demo-000378,14_books,14,6306dc70ec9020dd,v2,77968,,,,,,,,
14_books-demo-000379,14_books,14,f6324cf7629becc9,v2,10000,,,,,,,,
14_books-demo-000380,14_books,14,3e46c825298f0189,v2,6500,,,,,,,,
14_books-demo-000381,14_books,14,db647b01822424e1,v2,15000,,,,,,,,
14_books-demo-000382,14_books,14,5f5acf8f030de0d2,v2,12000,,,,,,,,
14_books-demo-000383,14_books,14,9bcd4353864e0bcb,v2,20000,,,,,,,,
14_books-demo-000384,14_books,14,d15f5f3286c1ddf7,v2,14000,,,,,,,,
14_books-demo-000385,14_books,14,b5fd4e875473c823,v2,39000,,,,,,,,
14_books-demo-000386,14_books,14,db647b01822424e1,v2,15000,,,,,,,,
14_books-demo-000387,14_books,14,636ec353946ea0bb,v2,17000,,,,,,,,
14_books-demo-000388,14_books,14,41a1080dd72fbd9b,v2,30000,,,,,,,,
14_books-demo-000389,14_books,14,3d30d3c7aad97619,v2,58000,,,,,,,,
14_books-demo-000390,14_books,14,e934230818e5187a,v2,27000,,,,,,,,
14_books-demo-000391,14_books,14,1d242fa48f0cb1a4,v2,53000,,,,,,,,
14_books-demo-000392,14_books,14,97a9ace57d6e03a0,v2,5000,,,,,,,,
14_books-demo-000393,14_books,14,a811035b212a6b83,v2,18000,,,,,,,,
14_books-demo-000394,14_books,14,97a9ace57d6e03a0,v2,5000,,,,,,,,
14_books-demo-000395,14_books,14,0430a70851107767,v2,81904,,,,,,,,
14_books-demo-000396,14_books,14,7834f6a4c9ffe180,v2,330000,,,,,,,,
14_books-demo-000397,14_books,14,b2617cb5bd86622d,v2,10000,,,,,,,,
14_books-demo-000398,14_books,14,cec09f4ca5cb7cb0,v2,13000,,,,,,,,
14_books-demo-000399,14_books,14,fa5093198fdc93e3,v2,3000,,,,,,,,
14_books-demo-000400,14_books,14,3d30d3c7aad97619,v2,58000,,,,,,,,
14_books-demo-000401,14_books,14,2501cbd41616bc33,v2,20460,,,,,,,,
14_books-demo-000402,14_books,14,6b23f3a2653b26aa,v2,7000,,,,,,,,
14_books-demo-000403,14_books,14,1dd07ddc0e3902bd,v2,11914,,,,,,,,
14_books-demo-000404,14_books,14,41a1080dd72fbd9b,v2,30000,,,,,,,,
14_books-demo-000405,14_books,14,6306dc70ec9020dd,v2,67533,,,,,,,,
14_books-demo-000406,14_books,14,0dbc07a12dd15887,v2,28000,,,,,,,,
14_books-demo-000407,14_books,14,184ac61def3160c3,v2,9000,,,,,,,,
14_books-demo-000408,14_books,14,1dd07ddc0e3902bd,v2,9339,,,,,,,,
14_books-demo-000409,14_books,14,6b23f3a2653b26aa,v2,16858,,,,,,,,
14_books-demo-000410,14_books,14,404ea591d2bd4d4b,v2,23000,,,,,,,,
14_books-demo-000411,14_books,14,d15f5f3286c1ddf7,v2,14000,,,,,,,,
14_books-demo-000412,14_books,14,98d3a74a5524a30d,v2,7615,,,,,,,,
14_books-demo-000413,14_books,14,2501cbd41616bc33,v2,14329,,,,,,,,
14_books-demo-000414,14_books,14,786a5bdfa6f4bc10,v2,160000,,,,,,,,
14_books-demo-000415,14_books,14,6b23f3a2653b26aa,v2,11622,,,,,,,,
14_books-demo-000416,14_books,14,3231944eb3ada13a,v2,7500,,,,,,,,
14_books-demo-000417,14_books,14,2501cbd41616bc33,v2,16181,,,,,,,,
14_books-demo-000418,14_books,14,6534f33763e38fa9,v2,400000,,,,,,,,
14_books-demo-000419,14_books,14,bc0016f28aceca72,v2,35000,,,,,,,,
14_books-demo-000420,14_books,14,c2728004fe339ba8,v2,12000,,,,,,,,
14_books-demo-000421,14_books,14,98d3a74a5524a30d,v2,17775,,,,,,,,
14_books-demo-000422,14_books,14,4badbf154f32912d,v2,12000,,,,,,,,
14_books-demo-000423,14_books,14,98d3a74a5524a30d,v2,33022,,,,,,,,
14_books-demo-000424,14_books,14,6b23f3a2653b26aa,v2,12310,,,,,,,,
14_books-demo-000425,14_books,14,2501cbd41616bc33,v2,13643,,,,,,,,
14_books-demo-000426,14_books,14,636ec353946ea0bb,v2,17000,,,,,,,,
14_books-demo-000427,14_books,14,404ea591d2bd4d4b,v2,23000,,,,,,,,
14_books-demo-000428,14_books,14,6534f33763e38fa9,v2,400000,,,,,,,,
14_books-demo-000429,14_books,14,5f5acf8f030de0d2,v2,12000,,,,,,,,
14_books-demo-000430,14_books,14,a811035b212a6b83,v2,18000,,,,,,,,
14_books-demo-000431,14_books,14,83687b0088e541ad,v2,70000,,,,,,,,
14_books-demo-000432,14_books,14,98d3a74a5524a30d,v2,34577,,,,,,,,
14_books-demo-000433,14_books,14,c80ae76d9807eadb,v2,10000,,,,,,,,
14_books-demo-000434,14_books,14,0430a70851107767,v2,99225,,,,,,,,
14_books-demo-000435,14_books,14,d482a66ae73a9fc9,v2,35000,,,,,,,,
14_books-demo-000436,14_books,14,ff4f0c7e9ea7f636,v2,30000,,,,,,,,
14_books-demo-000437,14_books,14,1dd07ddc0e3902bd,v2,14019,,,,,,,,
14_books-demo-000438,14_books,14,0430a70851107767,v2,28229,,,,,,,,
14_books-demo-000439,14_books,14,6b23f3a2653b26aa,v2,7000,,,,,,,,
14_books-demo-000440,14_books,14,6b23f3a2653b26aa,v2,9885,,,,,,,,
14_books-demo-000441,14_books,14,97a9ace57d6e03a0,v2,5001,,,,,,,,
14_books-demo-000442,14_books,14,d679fce1800dac25,v2,6000,,,,,,,,
14_books-demo-000443,14_books,14,5dc4692b2b6ea319,v2,90000,,,,,,,,
14_books-demo-000444,14_books,14,703460d625c6c2c9,v2,12000,,,,,,,,
14_books-demo-000445,14_books,14,d15f5f3286c1ddf7,v2,14000,,,,,,,,
14_books-demo-000446,14_books,14,97a9ace57d6e03a0,v2,5001,,,,,,,,
14_books-demo-000447,14_books,14,c2728004fe339ba8,v2,12000,,,,,,,,
14_books-demo-000448,14_books,14,0430a70851107767,v2,84118,,,,,,,,
14_books-demo-000449,14_books,14,269c399edea3a858,v2,16000,,,,,,,,
14_books-demo-000450,14_books,14,98d3a74a5524a30d,v2,10564,,,,,,,,
14_books-demo-000451,14_books,14,699b35beba337cb0,v2,9500,,,,,,,,
14_books-demo-000452,14_books,14,0430a70851107767,v2,133520,,,,,,,,
14_books-demo-000453,14_books,14,41a1080dd72fbd9b,v2,30000,,,,,,,,
14_books-demo-000454,14_books,14,c1dfa0f5e440eb82,v2,33000,,,,,,,,
14_books-demo-000455,14_books,14,e934230818e5187a,v2,27000,,,,,,,,
14_books-demo-000456,14_books,14,cec09f4ca5cb7cb0,v2,13000,,,,,,,,
14_books-demo-000457,14_books,14,6b23f3a2653b26aa,v2,14167,,,,,,,,
14_books-demo-000458,14_books,14,3f23eae763a32570,v2,15000,,,,,,,,
14_books-demo-000459,14_books,14,f6324cf7629becc9,v2,10000,,,,,,,,
14_books-demo-000460,14_books,14,fa5093198fdc93e3,v2,3000,,,,,,,,
14_books-demo-000461,14_books,14,55b8bb7fa5ea5d38,v2,13000,,,,,,,,
14_books-demo-000462,14_books,14,0430a70851107767,v2,116380,,,,,,,,
14_books-demo-000463,14_books,14,0dbc07a12dd15887,v2,28000,,,,,,,,
14_books-demo-000464,14_books,14,8532fca8ec4a649c,v2,13000,,,,,,,,
14_books-demo-000465,14_books,14,6914c0999b108a75,v2,16000,,,,,,,,
14_books-demo-000466,14_books,14,6de1e959aa505bae,v2,25000,,,,,,,,
14_books-demo-000467,14_books,14,0430a70851107767,v2,75073,,,,,,,,
14_books-demo-000468,14_books,14,d15f5f3286c1ddf7,v2,14000,,,,,,,,
14_books-demo-000469,14_books,14,c2728004fe339ba8,v2,12000,,,,,,,,
14_books-demo-000470,14_books,14,0430a70851107767,v2,81670,,,,,,,,
14_books-demo-000471,14_books,14,346273c3a40287df,v2,63000,,,,,,,,
14_books-demo-000472,14_books,14,0f1805b152418079,v2,17000,,,,,,,,
14_books-demo-000473,14_books,14,c99d7cff54f6d25d,v2,8900,,,,,,,,
14_books-demo-000474,14_books,14,3231944eb3ada13a,v2,7500,,,,,,,,
14_books-demo-000475,14_books,14,41a1080dd72fbd9b,v2,30000,,,,,,,,
14_books-demo-000476,14_books,14,4e9a2a4d3c88ad67,v2,34300,,,,,,,,
14_books-demo-000477,14_books,14,699b35beba337cb0,v2,9500,,,,,,,,
14_books-demo-000478,14_books,14,0430a70851107767,v2,106936,,,,,,,,
14_books-demo-000479,14_books,14,b5fd4e875473c823,v2,39000,,,,,,,,
14_books-demo-000480,14_books,14,0430a70851107767,v2,143092,,,,,,,,
14_books-demo-000481,14_books,14,97a9ace57d6e03a0,v2,5000,,,,,,,,
14_books-demo-000482,14_books,14,f7502acce0dc68c2,v2,160000,,,,,,,,
14_books-demo-000483,14_books,14,0430a70851107767,v2,103048,,,,,,,,
14_books-demo-000484,14_books,14,0f1805b152418079,v2,17000,,,,,,,,
14_books-demo-000485,14_books,14,90380e8ede8db68c,v2,30000,,,,,,,,
14_books-demo-000486,14_books,14,d679fce1800dac25,v2,6000,,,,,,,,
14_books-demo-000487,14_books,14,6de1e959aa505bae,v2,25000,,,,,,,,
14_books-demo-000488,14_books,14,f3f253185d7faeac,v2,8700,,,,,,,,
14_books-demo-000489,14_books,14,a811035b212a6b83,v2,18000,,,,,,,,
14_books-demo-000490,14_books,14,b5fd4e875473c823,v2,39000,,,,,,,,
14_books-demo-000491,14_books,14,90380e8ede8db68c,v2,30000,,,,,,,,
14_books-demo-000492,14_books,14,067dd75440f0ce32,v2,12000,,,,,,,,
14_books-demo-000493,14_books,14,2501cbd41616bc33,v2,12000,,,,,,,,
14_books-demo-000494,14_books,14,0430a70851107767,v2,93919,,,,,,,,
14_books-demo-000495,14_books,14,fa5093198fdc93e3,v2,3000,,,,,,,,
14_books-demo-000496,14_books,14,067dd75440f0ce32,v2,5000,,,,,,,,
14_books-demo-000497,14_books,14,0d454d858639352f,v2,15000,,,,,,,,
14_books-demo-000498,14_books,14,866265abf965c48c,v2,63000,,,,,,,,
14_books-demo-000499,14_books,14,f354ede268bbb876,v2,13000,,,,,,,,
14_books-demo-000500,14_books,14,acecba58340d9da9,v2,110000,,,,,,,,
14_books-demo-000501,14_books,14,0dbc07a12dd15887,v2,28000,,,,,,,,
14_books-demo-000502,14_books,14,4e9a2a4d3c88ad67,v2,34300,,,,,,,,
14_books-demo-000503,14_books,14,bd2a694fe464b0a5,v2,21300,,,,,,,,
14_books-demo-000504,14_books,14,c99d7cff54f6d25d,v2,8900,,,,,,,,
14_books-demo-000505,14_books,14,742745782b311d27,v2,4000,,,,,,,,
14_books-demo-000506,14_books,14,f354ede268bbb876,v2,13000,,,,,,,,
14_books-demo-000507,14_books,14,c1dfa0f5e440eb82,v2,33000,,,,,,,,
14_books-demo-000508,14_books,14,7b09d7867803b4bb,v2,40000,,,,,,,,
14_books-demo-000509,14_books,14,6b23f3a2653b26aa,v2,16366,,,,,,,,
14_books-demo-000510,14_books,14,b5fd4e875473c823,v2,39000,,,,,,,,
14_books-demo-000511,14_books,14,97a9ace57d6e03a0,v2,5000,,,,,,,,
14_books-demo-000512,14_books,14,6b23f3a2653b26aa,v2,10954,,,,,,,,
14_books-demo-000513,14_books,14,0430a70851107767,v2,24582,,,,,,,,
14_books-demo-000514,14_books,14,0dbc07a12dd15887,v2,28000,,,,,,,,
14_books-demo-000515,14_books,14,efa379274661eb90,v2,9000,,,,,,,,
14_books-demo-000516,14_books,14,98d3a74a5524a30d,v2,16275,,,,,,,,
14_books-demo-000517,14_books,14,0430a70851107767,v2,124766,,,,,,,,
14_books-demo-000518,14_books,14,4e9f99d2d84725b1,v2,20000,,,,,,,,
14_books-demo-000519,14_books,14,eb666161e0e46d03,v2,15000,,,,,,,,
14_books-demo-000520,14_books,14,3d30d3c7aad97619,v2,58000,,,,,,,,
14_books-demo-000521,14_books,14,af944b1a92866adf,v2,15000,,,,,,,,
14_books-demo-000522,14_books,14,1092e639f6a05e41,v2,4000,,,,,,,,
14_books-demo-000523,14_books,14,97a9ace57d6e03a0,v2,5000,,,,,,,,
14_books-demo-000524,14_books,14,0f1805b152418079,v2,17000,,,,,,,,
14_books-demo-000525,14_books,14,97a9ace57d6e03a0,v2,5000,,,,,,,,
14_books-demo-000526,14_books,14,6b23f3a2653b26aa,v2,10126,,,,,,,,
14_books-demo-000527,14_books,14,f7502acce0dc68c2,v2,160000,,,,,,,,
14_books-demo-000528,14_books,14,404ea591d2bd4d4b,v2,23000,,,,,,,,
14_books-demo-000529,14_books,14,a84981e4c63937fc,v2,10000,,,,,,,,
14_books-demo-000530,14_books,14,6914c0999b108a75,v2,16000,,,,,,,,
14_books-demo-000531,14_books,14,96186573a7f6e06f,v2,68000,,,,,,,,
14_books-demo-000532,14_books,14,96186573a7f6e06f,v2,68000,,,,,,,,
14_books-demo-000533,14_books,14,9bcd4353864e0bcb,v2,20000,,,,,,,,
14_books-demo-000534,14_books,14,6306dc70ec9020dd,v2,130000,,,,,,,,
14_books-demo-000535,14_books,14,2501cbd41616bc33,v2,28171,,,,,,,,
14_books-demo-000536,14_books,14,bc0016f28aceca72,v2,35000,,,,,,,,
14_books-demo-000537,14_books,14,6306dc70ec9020dd,v2,107940,,,,,,,,
14_books-demo-000538,14_books,14,29d179c225a50f65,v2,13000,,,,,,,,
14_books-demo-000539,14_books,14,6306dc70ec9020dd,v2,103804,,,,,,,,
14_books-demo-000540,14_books,14,d5f90dcc8b3f9187,v2,80000,,,,,,,,
14_books-demo-000541,14_books,14,699b35beba337cb0,v2,9500,,,,,,,,
14_books-demo-000542,14_books,14,404ea591d2bd4d4b,v2,23000,,,,,,,,
14_books-demo-000543,14_books,14,0430a70851107767,v2,50541,,,,,,,,
14_books-demo-000544,14_books,14,0430a70851107767,v2,149025,,,,,,,,
14_books-demo-000545,14_books,14,004ca082542319c6,v2,10000,,,,,,,,
14_books-demo-000546,14_books,14,98d3a74a5524a30d,v2,15115,,,,,,,,
14_books-demo-000547,14_books,14,0430a70851107767,v2,95806,,,,,,,,
14_books-demo-000548,14_books,14,004ca082542319c6,v2,10000,,,,,,,,
14_books-demo-000549,14_books,14,0f1805b152418079,v2,17000,,,,,,,,
14_books-demo-000550,14_books,14,4e56536998ca7b3a,v2,8000,,,,,,,,
14_books-demo-000551,14_books,14,0430a70851107767,v2,106571,,,,,,,,
14_books-demo-000552,14_books,14,3231944eb3ada13a,v2,7500,,,,,,,,
14_books-demo-000553,14_books,14,404ea591d2bd4d4b,v2,100000,,,,,,,,
14_books-demo-000554,14_books,14,768b77fc5297beb4,v2,80000,,,,,,,,
14_books-demo-000555,14_books,14,742745782b311d27,v2,4000,,,,,,,,
14_books-demo-000556,14_books,14,4e103071e9393d27,v2,35000,,,,,,,,
14_books-demo-000557,14_books,14,acecba58340d9da9,v2,110000,,,,,,,,
14_books-demo-000558,14_books,14,efa379274661eb90,v2,9000,,,,,,,,
14_books-demo-000559,14_books,14,0430a70851107767,v2,131444,,,,,,,,
14_books-demo-000560,14_books,14,e6fe3f0d759ef432,v2,65000,,,,,,,,
14_books-demo-000561,14_books,14,6306dc70ec9020dd,v2,50320,,,,,,,,
14_books-demo-000562,14_books,14,6b23f3a2653b26aa,v2,13957,,,,,,,,
14_books-demo-000563,14_books,14,786a5bdfa6f4bc10,v2,160000,,,,,,,,
14_books-demo-000564,14_books,14,699b35beba337cb0,v2,9500,,,,,,,,
14_books-demo-000565,14_books,14,bd2a694fe464b0a5,v2,21300,,,,,,,,
14_books-demo-000566,14_books,14,778462686610199d,v2,12800,,,,,,,,
14_books-demo-000567,14_books,14,68d6c5461492eb5b,v2,24000,,,,,,,,
14_books-demo-000568,14_books,14,a811035b212a6b83,v2,18000,,,,,,,,
14_books-demo-000569,14_books,14,703460d625c6c2c9,v2,12000,,,,,,,,
14_books-demo-000570,14_books,14,089874fbede2068d,v2,8500,,,,,,,,
14_books-demo-000571,14_books,14,af944b1a92866adf,v2,15000,,,,,,,,
14_books-demo-000572,14_books,14,1dd07ddc0e3902bd,v2,7147,,,,,,,,
14_books-demo-000573,14_books,14,09e9921593345745,v2,3290,,,,,,,,
14_books-demo-000574,14_books,14,775bd06faf3bbf75,v2,5000,,,,,,,,
14_books-demo-000575,14_books,14,786a5bdfa6f4bc10,v2,160000,,,,,,,,
14_books-demo-000576,14_books,14,3e46c825298f0189,v2,6500,,,,,,,,
14_books-demo-000577,14_books,14,703460d625c6c2c9,v2,12000,,,,,,,,
14_books-demo-000578,14_books,14,90380e8ede8db68c,v2,30000,,,,,,,,
14_books-demo-000579,14_books,14,db647b01822424e1,v2,15000,,,,,,,,
14_books-demo-000580,14_books,14,e934230818e5187a,v2,27000,,,,,,,,
14_books-demo-000581,14_books,14,0430a70851107767,v2,91176,,,,,,,,
14_books-demo-000582,14_books,14,b5fd4e875473c823,v2,39000,,,,,,,,
14_books-demo-000583,14_books,14,3e46c825298f0189,v2,6000,,,,,,,,
14_books-demo-000584,14_books,14,0dbc07a12dd15887,v2,7000,,,,,,,,
14_books-demo-000585,14_books,14,af5f097480712ca9,v2,9500,,,,,,,,
14_books-demo-000586,14_books,14,b5fd4e875473c823,v2,39000,,,,,,,,
14_books-demo-000587,14_books,14,fe650b05eced0137,v2,20000,,,,,,,,
14_books-demo-000588,14_books,14,f3bac24ab73fe3c0,v2,22000,,,,,,,,
14_books-demo-000589,14_books,14,d482a66ae73a9fc9,v2,35000,,,,,,,,
14_books-demo-000590,14_books,14,6914c0999b108a75,v2,16000,,,,,,,,
14_books-demo-000591,14_books,14,97a9ace57d6e03a0,v2,5000,,,,,,,,
14_books-demo-000592,14_books,14,29d179c225a50f65,v2,13000,,,,,,,,
14_books-demo-000593,14_books,14,fe650b05eced0137,v2,20000,,,,,,,,
14_books-demo-000594,14_books,14,6306dc70ec9020dd,v2,128971,,,,,,,,
14_books-demo-000595,14_books,14,866265abf965c48c,v2,63000,,,,,,,,
14_books-demo-000596,14_books,14,5e6915f7833060a8,v2,20000,,,,,,,,
14_books-demo-000597,14_books,14,48a24bd539968f56,v2,5000,,,,,,,,
14_books-demo-000598,14_books,14,6b23f3a2653b26aa,v2,20080,,,,,,,,
14_books-demo-000599,14_books,14,6b23f3a2653b26aa,v2,7000,,,,,,,,
14_books-demo-000600,14_books,14,216c44ceb934530d,v2,11000,,,,,,,,
14_books-demo-000601,14_books,14,0430a70851107767,v2,152231,,,,,,,,
14_books-demo-000602,14_books,14,5e6915f7833060a8,v2,20000,,,,,,,,
14_books-demo-000603,14_books,14,6306dc70ec9020dd,v2,47005,,,,,,,,
14_books-demo-000604,14_books,14,fa5093198fdc93e3,v2,3000,,,,,,,,
14_books-demo-000605,14_books,14,0f1805b152418079,v2,12500,,,,,,,,
14_books-demo-000606,14_books,14,0430a70851107767,v2,109970,,,,,,,,
14_books-demo-000607,14_books,14,0430a70851107767,v2,126984,,,,,,,,
14_books-demo-000608,14_books,14,97a9ace57d6e03a0,v2,5000,,,,,,,,
14_books-demo-000609,14_books,14,4badbf154f32912d,v2,12000,,,,,,,,
14_books-demo-000610,14_books,14,af5f097480712ca9,v2,9500,,,,,,,,
14_books-demo-000611,14_books,14,067dd75440f0ce32,v2,12000,,,,,,,,
14_books-demo-000612,14_books,14,f3bac24ab73fe3c0,v2,22000,,,,,,,,
14_books-demo-000613,14_books,14,a84981e4c63937fc,v2,10000,,,,,,,,
14_books-demo-000614,14_books,14,c422f44d10f6aec5,v2,12000,,,,,,,,
14_books-demo-000615,14_books,14,dfaaaaffd934c4ad,v2,30000,,,,,,,,
14_books-demo-000616,14_books,14,b5fd4e875473c823,v2,39000,,,,,,,,
14_books-demo-000617,14_books,14,c2728004fe339ba8,v2,12000,,,,,,,,
14_books-demo-000618,14_books,14,98d3a74a5524a30d,v2,29727,,,,,,,,
14_books-demo-000619,14_books,14,f3bac24ab73fe3c0,v2,22000,,,,,,,,
14_books-demo-000620,14_books,14,eb666161e0e46d03,v2,150000,,,,,,,,
14_books-demo-000621,14_books,14,0430a70851107767,v2,39373,,,,,,,,
14_books-demo-000622,14_books,14,1d242fa48f0cb1a4,v2,53000,,,,,,,,
14_books-demo-000623,14_books,14,2501cbd41616bc33,v2,12000,,,,,,,,
14_books-demo-000624,14_books,14,d5bdc295605ff4d9,v2,40000,,,,,,,,
14_books-demo-000625,14_books,14,1dd07ddc0e3902bd,v2,10900,,,,,,,,
14_books-demo-000626,14_books,14,778462686610199d,v2,12800,,,,,,,,
14_books-demo-000627,14_books,14,0430a70851107767,v2,63578,,,,,,,,
14_books-demo-000628,14_books,14,f7502acce0dc68c2,v2,160000,,,,,,,,
14_books-demo-000629,14_books,14,09e9921593345745,v2,3290,,,,,,,,
14_books-demo-000630,14_books,14,0430a70851107767,v2,149494,,,,,,,,
14_books-demo-000631,14_books,14,eac26f97149cb405,v2,4000,,,,,,,,
14_books-demo-000632,14_books,14,55b8bb7fa5ea5d38,v2,13000,,,,,,,,
14_books-demo-000633,14_books,14,48a24bd539968f56,v2,5000,,,,,,,,
14_books-demo-000634,14_books,14,786a5bdfa6f4bc10,v2,160000,,,,,,,,
14_books-demo-000635,14_books,14,3e46c825298f0189,v2,6000,,,,,,,,
14_books-demo-000636,14_books,14,09e9921593345745,v2,3290,,,,,,,,
14_books-demo-000637,14_books,14,5dc4692b2b6ea319,v2,90000,,,,,,,,
14_books-demo-000638,14_books,14,269c399edea3a858,v2,16000,,,,,,,,
14_books-demo-000639,14_books,14,f3e31988ba846566,v2,5000,,,,,,,,
14_books-demo-000640,14_books,14,5f5acf8f030de0d2,v2,12000,,,,,,,,
14_books-demo-000641,14_books,14,98d3a74a5524a30d,v2,40000,,,,,,,,
14_books-demo-000642,14_books,14,c422f44d10f6aec5,v2,12000,,,,,,,,
14_books-demo-000643,14_books,14,f354ede268bbb876,v2,13000,,,,,,,,
14_books-demo-000644,14_books,14,0430a70851107767,v2,39858,,,,,,,,
14_books-demo-000645,14_books,14,626a66ab35699340,v2,16000,,,,,,,,
14_books-demo-000646,14_books,14,6b23f3a2653b26aa,v2,9976,,,,,,,,
14_books-demo-000647,14_books,14,089874fbede2068d,v2,8500,,,,,,,,
14_books-demo-000648,14_books,14,0430a70851107767,v2,147252,,,,,,,,
14_books-demo-000649,14_books,14,d15f5f3286c1ddf7,v2,14000,,,,,,,,
14_books-demo-000650,14_books,14,6b23f3a2653b26aa,v2,9302,,,,,,,,
14_books-demo-000651,14_books,14,83687b0088e541ad,v2,70000,,,,,,,,
14_books-demo-000652,14_books,14,3e46c825298f0189,v2,6000,,,,,,,,
14_books-demo-000653,14_books,14,5e6915f7833060a8,v2,20000,,,,,,,,
14_books-demo-000654,14_books,14,24715220770399e5,v2,3000,,,,,,,,
14_books-demo-000655,14_books,14,1dd07ddc0e3902bd,v2,12992,,,,,,,,
14_books-demo-000656,14_books,14,6de1e959aa505bae,v2,25000,,,,,,,,
14_books-demo-000657,14_books,14,29d179c225a50f65,v2,13000,,,,,,,,
14_books-demo-000658,14_books,14,29d179c225a50f65,v2,13000,,,,,,,,
14_books-demo-000659,14_books,14,a2f634382f241823,v2,10000,,,,,,,,
14_books-demo-000660,14_books,14,83687b0088e541ad,v2,70000,,,,,,,,
14_books-demo-000661,14_books,14,8532fca8ec4a649c,v2,13000,,,,,,,,
14_books-demo-000662,14_books,14,1ea7399b701c0693,v2,180000,,,,,,,,
14_books-demo-000663,14_books,14,5e6915f7833060a8,v2,20000,,,,,,,,
14_books-demo-000664,14_books,14,af944b1a92866adf,v2,15000,,,,,,,,
14_books-demo-000665,14_books,14,699b35beba337cb0,v2,9500,,,,,,,,
14_books-demo-000666,14_books,14,ff4f0c7e9ea7f636,v2,30000,,,,,,,,
14_books-demo-000667,14_books,14,786a5bdfa6f4bc10,v2,160000,,,,,,,,
14_books-demo-000668,14_books,14,184ac61def3160c3,v2,9000,,,,,,,,
14_books-demo-000669,14_books,14,af5f097480712ca9,v2,9500,,,,,,,,
14_books-demo-000670,14_books,14,48a24bd539968f56,v2,5000,,,,,,,,
14_books-demo-000671,14_books,14,3231944eb3ada13a,v2,7500,,,,,,,,
14_books-demo-000672,14_books,14,7b09d7867803b4bb,v2,40000,,,,,,,,
14_books-demo-000673,14_books,14,58ffafd71245fb36,v2,12000,,,,,,,,
14_books-demo-000674,14_books,14,97a9ace57d6e03a0,v2,5001,,,,,,,,
14_books-demo-000675,14_books,14,97a9ace57d6e03a0,v2,5000,,,,,,,,
14_books-demo-000676,14_books,14,269c399edea3a858,v2,16000,,,,,,,,
14_books-demo-000677,14_books,14,6306dc70ec9020dd,v2,76546,,,,,,,,
14_books-demo-000678,14_books,14,1ea7399b701c0693,v2,180000,,,,,,,,
14_books-demo-000679,14_books,14,a811035b212a6b83,v2,18000,,,,,,,,
14_books-demo-000680,14_books,14,48a24bd539968f56,v2,5000,,,,,,,,
14_books-demo-000681,14_books,14,bc0016f28aceca72,v2,35000,,,,,,,,
14_books-demo-000682,14_books,14,1d242fa48f0cb1a4,v2,53000,,,,,,,,
14_books-demo-000683,14_books,14,d15f5f3286c1ddf7,v2,14000,,,,,,,,
14_books-demo-000684,14_books,14,4689da208bbaa0d8,v2,50000,,,,,,,,
14_books-demo-000685,14_books,14,0430a70851107767,v2,67114,,,,,,,,
14_books-demo-000686,14_books,14,af944b1a92866adf,v2,15000,,,,,,,,
14_books-demo-000687,14_books,14,c99d7cff54f6d25d,v2,8900,,,,,,,,
14_books-demo-000688,14_books,14,404ea591d2bd4d4b,v2,23000,,,,,,,,
14_books-demo-000689,14_books,14,9f43b937245fc243,v2,7000,,,,,,,,
14_books-demo-000690,14_books,14,1dd07ddc0e3902bd,v2,5000,,,,,,,,
14_books-demo-000691,14_books,14,0430a70851107767,v2,120484,,,,,,,,
14_books-demo-000692,14_books,14,f3e31988ba846566,v2,23000,,,,,,,,
14_books-demo-000693,14_books,14,eac26f97149cb405,v2,4000,,,,,,,,
14_books-demo-000694,14_books,14,0430a70851107767,v2,106542,,,,,,,,
14_books-demo-000695,14_books,14,7b09d7867803b4bb,v2,23100,,,,,,,,
14_books-demo-000696,14_books,14,4e9a2a4d3c88ad67,v2,34300,,,,,,,,
14_books-demo-000697,14_books,14,6de1e959aa505bae,v2,25000,,,,,,,,
14_books-demo-000698,14_books,14,d679fce1800dac25,v2,6000,,,,,,,,
14_books-demo-000699,14_books,14,cec09f4ca5cb7cb0,v2,13000,,,,,,,,
14_books-demo-000700,14_books,14,e934230818e5187a,v2,27000,,,,,,,,
14_books-demo-000701,14_books,14,24715220770399e5,v2,3000,,,,,,,,
14_books-demo-000702,14_books,14,184ac61def3160c3,v2,9000,,,,,,,,
14_books-demo-000703,14_books,14,0430a70851107767,v2,34260,,,,,,,,
14_books-demo-000704,14_books,14,6b23f3a2653b26aa,v2,7000,,,,,,,,
14_books-demo-000705,14_books,14,5f5acf8f030de0d2,v2,12000,,,,,,,,
14_books-demo-000706,14_books,14,404ea591d2bd4d4b,v2,100000,,,,,,,,
14_books-demo-000707,14_books,14,0430a70851107767,v2,75264,,,,,,,,
14_books-demo-000708,14_books,14,83687b0088e541ad,v2,70000,,,,,,,,
14_books-demo-000709,14_books,14,98d3a74a5524a30d,v2,19319,,,,,,,,
14_books-demo-000710,14_books,14,0430a70851107767,v2,60426,,,,,,,,
14_books-demo-000711,14_books,14,3e46c825298f0189,v2,6000,,,,,,,,
14_books-demo-000712,14_books,14,83687b0088e541ad,v2,70000,,,,,,,,
14_books-demo-000713,14_books,14,ba2405b5037f6341,v2,20000,,,,,,,,
14_books-demo-000714,14_books,14,4badbf154f32912d,v2,12000,,,,,,,,
14_books-demo-000715,14_books,14,0d454d858639352f,v2,15000,,,,,,,,
14_books-demo-000716,14_books,14,0430a70851107767,v2,50565,,,,,,,,
14_books-demo-000717,14_books,14,0430a70851107767,v2,68492,,,,,,,,
14_books-demo-000718,14_books,14,b5fd4e875473c823,v2,39000,,,,,,,,
14_books-demo-000719,14_books,14,3231944eb3ada13a,v2,7500,,,,,,,,
14_books-demo-000720,14_books,14,404ea591d2bd4d4b,v2,23000,,,,,,,,
14_books-demo-000721,14_books,14,bd2a694fe464b0a5,v2,21300,,,,,,,,
14_books-demo-000722,14_books,14,778462686610199d,v2,12800,,,,,,,,
14_books-demo-000723,14_books,14,97a9ace57d6e03a0,v2,5001,,,,,,,,
14_books-demo-000724,14_books,14,6534f33763e38fa9,v2,400000,,,,,,,,
14_books-demo-000725,14_books,14,067dd75440f0ce32,v2,5000,,,,,,,,
14_books-demo-000726,14_books,14,97a9ace57d6e03a0,v2,5000,,,,,,,,
14_books-demo-000727,14_books,14,6b23f3a2653b26aa,v2,19234,,,,,,,,
14_books-demo-000728,14_books,14,d482a66ae73a9fc9,v2,35000,,,,,,,,
14_books-demo-000729,14_books,14,8532fca8ec4a649c,v2,13000,,,,,,,,
14_books-demo-000730,14_books,14,7b09d7867803b4bb,v2,40000,,,,,,,,
14_books-demo-000731,14_books,14,a2f634382f241823,v2,12000,,,,,,,,
14_books-demo-000732,14_books,14,184ac61def3160c3,v2,9000,,,,,,,,
14_books-demo-000733,14_books,14,fe650b05eced0137,v2,20000,,,,,,,,
14_books-demo-000734,14_books,14,faa375fd9043c115,v2,12000,,,,,,,,
14_books-demo-000735,14_books,14,346273c3a40287df,v2,63000,,,,,,,,
14_books-demo-000736,14_books,14,0430a70851107767,v2,50022,,,,,,,,
14_books-demo-000737,14_books,14,1d242fa48f0cb1a4,v2,53000,,,,,,,,
14_books-demo-000738,14_books,14,4e9f99d2d84725b1,v2,20000,,,,,,,,
14_books-demo-000739,14_books,14,ba2405b5037f6341,v2,20000,,,,,,,,
14_books-demo-000740,14_books,14,0430a70851107767,v2,68826,,,,,,,,
14_books-demo-000741,14_books,14,6b23f3a2653b26aa,v2,11363,,,,,,,,
14_books-demo-000742,14_books,14,fe650b05eced0137,v2,20000,,,,,,,,
14_books-demo-000743,14_books,14,fe650b05eced0137,v2,20000,,,,,,,,
14_books-demo-000744,14_books,14,97a9ace57d6e03a0,v2,5001,,,,,,,,
14_books-demo-000745,14_books,14,55b8bb7fa5ea5d38,v2,13000,,,,,,,,
14_books-demo-000746,14_books,14,2501cbd41616bc33,v2,27430,,,,,,,,
14_books-demo-000747,14_books,14,2501cbd41616bc33,v2,12214,,,,,,,,
14_books-demo-000748,14_books,14,5f5acf8f030de0d2,v2,12000,,,,,,,,
14_books-demo-000749,14_books,14,184ac61def3160c3,v2,9000,,,,,,,,
14_books-demo-000750,14_books,14,3231944eb3ada13a,v2,7500,,,,,,,,
14_books-demo-000751,14_books,14,6b23f3a2653b26aa,v2,10802,,,,,,,,
14_books-demo-000752,14_books,14,1092e639f6a05e41,v2,4000,,,,,,,,
14_books-demo-000753,14_books,14,af5f097480712ca9,v2,9500,,,,,,,,
14_books-demo-000754,14_books,14,7b09d7867803b4bb,v2,40000,,,,,,,,
14_books-demo-000755,14_books,14,0430a70851107767,v2,147947,,,,,,,,
14_books-demo-000756,14_books,14,0430a70851107767,v2,59746,,,,,,,,
14_books-demo-000757,14_books,14,a2f8326f6d0c44db,v2,5000,,,,,,,,
14_books-demo-000758,14_books,14,af4dc1f614c3e211,v2,12000,,,,,,,,
14_books-demo-000759,14_books,14,0430a70851107767,v2,113950,,,,,,,,
14_books-demo-000760,14_books,14,2501cbd41616bc33,v2,12000,,,,,,,,
14_books-demo-000761,14_books,14,2501cbd41616bc33,v2,32000,,,,,,,,
14_books-demo-000762,14_books,14,4689da208bbaa0d8,v2,50000,,,,,,,,
14_books-demo-000763,14_books,14,2501cbd41616bc33,v2,24555,,,,,,,,
14_books-demo-000764,14_books,14,3e46c825298f0189,v2,6500,,,,,,,,
14_books-demo-000765,14_books,14,1dd07ddc0e3902bd,v2,10297,,,,,,,,
14_books-demo-000766,14_books,14,1dd07ddc0e3902bd,v2,16406,,,,,,,,
14_books-demo-000767,14_books,14,0430a70851107767,v2,35918,,,,,,,,
14_books-demo-000768,14_books,14,af944b1a92866adf,v2,15000,,,,,,,,
14_books-demo-000769,14_books,14,0d454d858639352f,v2,15000,,,,,,,,
14_books-demo-000770,14_books,14,af944b1a92866adf,v2,15000,,,,,,,,
14_books-demo-000771,14_books,14,37cc54a72e04a266,v2,15000,,,,,,,,
14_books-demo-000772,14_books,14,4e56536998ca7b3a,v2,8000,,,,,,,,
14_books-demo-000773,14_books,14,0430a70851107767,v2,81044,,,,,,,,
14_books-demo-000774,14_books,14,6306dc70ec9020dd,v2,106347,,,,,,,,
14_books-demo-000775,14_books,14,6306dc70ec9020dd,v2,130000,,,,,,,,
14_books-demo-000776,14_books,14,faa375fd9043c115,v2,12000,,,,,,,,
14_books-demo-000777,14_books,14,0430a70851107767,v2,98107,,,,,,,,
14_books-demo-000778,14_books,14,7834f6a4c9ffe180,v2,330000,,,,,,,,
14_books-demo-000779,14_books,14,24715220770399e5,v2,3000,,,,,,,,
14_books-demo-000780,14_books,14,d5bdc295605ff4d9,v2,40000,,,,,,,,
14_books-demo-000781,14_books,14,55b8bb7fa5ea5d38,v2,13000,,,,,,,,
14_books-demo-000782,14_books,14,768b77fc5297beb4,v2,80000,,,,,,,,
14_books-demo-000783,14_books,14,4e9f99d2d84725b1,v2,20000,,,,,,,,
14_books-demo-000784,14_books,14,9bcd4353864e0bcb,v2,20000,,,,,,,,
14_books-demo-000785,14_books,14,404ea591d2bd4d4b,v2,23000,,,,,,,,
14_books-demo-000786,14_books,14,0430a70851107767,v2,114339,,,,,,,,
14_books-demo-000787,14_books,14,a2f8326f6d0c44db,v2,5000,,,,,,,,
14_books-demo-000788,14_books,14,0f1805b152418079,v2,17000,,,,,,,,
14_books-demo-000789,14_books,14,e6fe3f0d759ef432,v2,65000,,,,,,,,
14_books-demo-000790,14_books,14,c422f44d10f6aec5,v2,12000,,,,,,,,
14_books-demo-000791,14_books,14,742745782b311d27,v2,4000,,,,,,,,
14_books-demo-000792,14_books,14,41a1080dd72fbd9b,v2,30000,,,,,,,,
14_books-demo-000793,14_books,14,d15f5f3286c1ddf7,v2,14000,,,,,,,,
14_books-demo-000794,14_books,14,c80ae76d9807eadb,v2,10000,,,,,,,,
14_books-demo-000795,14_books,14,f354ede268bbb876,v2,13000,,,,,,,,
14_books-demo-000796,14_books,14,0430a70851107767,v2,115281,,,,,,,,
14_books-demo-000797,14_books,14,0430a70851107767,v2,28785,,,,,,,,
14_books-demo-000798,14_books,14,0430a70851107767,v2,120056,,,,,,,,
14_books-demo-000799,14_books,14,4e56536998ca7b3a,v2,8000,,,,,,,,
14_books-demo-000800,14_books,14,0430a70851107767,v2,69440,,,,,,,,
14_books-demo-000801,14_books,14,e934230818e5187a,v2,27000,,,,,,,,
14_books-demo-000802,14_books,14,efa379274661eb90,v2,9000,,,,,,,,
14_books-demo-000803,14_books,14,a84981e4c63937fc,v2,10000,,,,,,,,
14_books-demo-000804,14_books,14,6b23f3a2653b26aa,v2,7000,,,,,,,,
14_books-demo-000805,14_books,14,0430a70851107767,v2,125789,,,,,,,,
14_books-demo-000806,14_books,14,a811035b212a6b83,v2,18000,,,,,,,,
14_books-demo-000807,14_books,14,55b8bb7fa5ea5d38,v2,13000,,,,,,,,
14_books-demo-000808,14_books,14,3e46c825298f0189,v2,6000,,,,,,,,
14_books-demo-000809,14_books,14,0430a70851107767,v2,135014,,,,,,,,
14_books-demo-000810,14_books,14,626a66ab35699340,v2,43000,,,,,,,,
14_books-demo-000811,14_books,14,216c44ceb934530d,v2,11000,,,,,,,,
14_books-demo-000812,14_books,14,7834f6a4c9ffe180,v2,330000,,,,,,,,
14_books-demo-000813,14_books,14,6de1e959aa505bae,v2,25000,,,,,,,,
14_books-demo-000814,14_books,14,c80ae76d9807eadb,v2,10000,,,,,,,,
14_books-demo-000815,14_books,14,e30c9387eef8f066,v2,42000,,,,,,,,
14_books-demo-000816,14_books,14,9bcd4353864e0bcb,v2,20000,,,,,,,,
14_books-demo-000817,14_books,14,6b23f3a2653b26aa,v2,11066,,,,,,,,
14_books-demo-000818,14_books,14,f7502acce0dc68c2,v2,160000,,,,,,,,
14_books-demo-000819,14_books,14,4e9f99d2d84725b1,v2,20000,,,,,,,,
14_books-demo-000820,14_books,14,d482a66ae73a9fc9,v2,35000,,,,,,,,
14_books-demo-000821,14_books,14,af4dc1f614c3e211,v2,12000,,,,,,,,
14_books-demo-000822,14_books,14,f3bac24ab73fe3c0,v2,22000,,,,,,,,
14_books-demo-000823,14_books,14,6b23f3a2653b26aa,v2,18659,,,,,,,,
14_books-demo-000824,14_books,14,0430a70851107767,v2,23261,,,,,,,,
14_books-demo-000825,14_books,14,eac26f97149cb405,v2,4000,,,,,,,,
14_books-demo-000826,14_books,14,4689da208bbaa0d8,v2,50000,,,,,,,,
14_books-demo-000827,14_books,14,6b23f3a2653b26aa,v2,11828,,,,,,,,
14_books-demo-000828,14_books,14,4e9f99d2d84725b1,v2,20000,,,,,,,,
14_books-demo-000829,14_books,14,269c399edea3a858,v2,16000,,,,,,,,
14_books-demo-000830,14_books,14,a84981e4c63937fc,v2,10000,,,,,,,,
14_books-demo-000831,14_books,14,0430a70851107767,v2,128607,,,,,,,,
14_books-demo-000832,14_books,14,2501cbd41616bc33,v2,17046,,,,,,,,
14_books-demo-000833,14_books,14,0430a70851107767,v2,144849,,,,,,,,
14_books-demo-000834,14_books,14,251183e01f84cc9d,v2,4000,,,,,,,,
14_books-demo-000835,14_books,14,346273c3a40287df,v2,63000,,,,,,,,
14_books-demo-000836,14_books,14,4badbf154f32912d,v2,12000,,,,,,,,
14_books-demo-000837,14_books,14,d15f5f3286c1ddf7,v2,14000,,,,,,,,
14_books-demo-000838,14_books,14,24715220770399e5,v2,3000,,,,,,,,
14_books-demo-000839,14_books,14,1092e639f6a05e41,v2,4000,,,,,,,,
14_books-demo-000840,14_books,14,cec09f4ca5cb7cb0,v2,13000,,,,,,,,
14_books-demo-000841,14_books,14,29d179c225a50f65,v2,13000,,,,,,,,
14_books-demo-000842,14_books,14,0430a70851107767,v2,103397,,,,,,,,
14_books-demo-000843,14_books,14,eac26f97149cb405,v2,4000,,,,,,,,
14_books-demo-000844,14_books,14,3e46c825298f0189,v2,6000,,,,,,,,
14_books-demo-000845,14_books,14,d679fce1800dac25,v2,6000,,,,,,,,
14_books-demo-000846,14_books,14,1dd07ddc0e3902bd,v2,9411,,,,,,,,
14_books-demo-000847,14_books,14,3231944eb3ada13a,v2,7500,,,,,,,,
14_books-demo-000848,14_books,14,cec09f4ca5cb7cb0,v2,13000,,,,,,,,
14_books-demo-000849,14_books,14,f354ede268bbb876,v2,13000,,,,,,,,
14_books-demo-000850,14_books,14,404ea591d2bd4d4b,v2,23000,,,,,,,,
14_books-demo-000851,14_books,14,1dd07ddc0e3902bd,v2,10182,,,,,,,,
14_books-demo-000852,14_books,14,db647b01822424e1,v2,15000,,,,,,,,
14_books-demo-000853,14_books,14,0f1805b152418079,v2,17000,,,,,,,,
14_books-demo-000854,14_books,14,6306dc70ec9020dd,v2,119727,,,,,,,,
14_books-demo-000855,14_books,14,db647b01822424e1,v2,15000,,,,,,,,
14_books-demo-000856,14_books,14,7834f6a4c9ffe180,v2,330000,,,,,,,,
14_books-demo-000857,14_books,14,0430a70851107767,v2,127308,,,,,,,,
14_books-demo-000858,14_books,14,404ea591d2bd4d4b,v2,100000,,,,,,,,
14_books-demo-000859,14_books,14,6914c0999b108a75,v2,16000,,,,,,,,
14_books-demo-000860,14_books,14,902b60717abff9ab,v2,10000,,,,,,,,
14_books-demo-000861,14_books,14,bd2a694fe464b0a5,v2,21300,,,,,,,,
14_books-demo-000862,14_books,14,d5bdc295605ff4d9,v2,40000,,,,,,,,
14_books-demo-000863,14_books,14,a2f634382f241823,v2,12000,,,,,,,,
14_books-demo-000864,14_books,14,5f5acf8f030de0d2,v2,12000,,,,,,,,
14_books-demo-000865,14_books,14,786a5bdfa6f4bc10,v2,160000,,,,,,,,
14_books-demo-000866,14_books,14,6306dc70ec9020dd,v2,130000,,,,,,,,
14_books-demo-000867,14_books,14,404ea591d2bd4d4b,v2,100000,,,,,,,,
14_books-demo-000868,14_books,14,0430a70851107767,v2,39667,,,,,,,,
14_books-demo-000869,14_books,14,770646261b3277a4,v2,14000,,,,,,,,
14_books-demo-000870,14_books,14,346273c3a40287df,v2,63000,,,,,,,,
14_books-demo-000871,14_books,14,98d3a74a5524a30d,v2,40000,,,,,,,,
14_books-demo-000872,14_books,14,ba2405b5037f6341,v2,20000,,,,,,,,
14_books-demo-000873,14_books,14,4e9a2a4d3c88ad67,v2,34300,,,,,,,,
14_books-demo-000874,14_books,14,1dd07ddc0e3902bd,v2,5200,,,,,,,,
14_books-demo-000875,14_books,14,18272ce68456797e,v2,12000,,,,,,,,
14_books-demo-000876,14_books,14,3231944eb3ada13a,v2,7500,,,,,,,,
14_books-demo-000877,14_books,14,6b23f3a2653b26aa,v2,10243,,,,,,,,
14_books-demo-000878,14_books,14,b2617cb5bd86622d,v2,10000,,,,,,,,
14_books-demo-000879,14_books,14,0430a70851107767,v2,117989,,,,,,,,
14_books-demo-000880,14_books,14,404ea591d2bd4d4b,v2,23000,,,,,,,,
14_books-demo-000881,14_books,14,a2f8326f6d0c44db,v2,5000,,,,,,,,
14_books-demo-000882,14_books,14,ff4f0c7e9ea7f636,v2,30000,,,,,,,,
14_books-demo-000883,14_books,14,97a9ace57d6e03a0,v2,5000,,,,,,,,
14_books-demo-000884,14_books,14,ff4f0c7e9ea7f636,v2,30000,,,,,,,,
14_books-demo-000885,14_books,14,0430a70851107767,v2,71380,,,,,,,,
14_books-demo-000886,14_books,14,f354ede268bbb876,v2,13000,,,,,,,,
14_books-demo-000887,14_books,14,0430a70851107767,v2,36212,,,,,,,,
14_books-demo-000888,14_books,14,d5f90dcc8b3f9187,v2,80000,,,,,,,,
14_books-demo-000889,14_books,14,af4dc1f614c3e211,v2,12000,,,,,,,,
14_books-demo-000890,14_books,14,98d3a74a5524a30d,v2,40000,,,,,,,,
14_books-demo-000891,14_books,14,0430a70851107767,v2,112212,,,,,,,,
14_books-demo-000892,14_books,14,5dc4692b2b6ea319,v2,90000,,,,,,,,
14_books-demo-000893,14_books,14,0430a70851107767,v2,142516,,,,,,,,
14_books-demo-000894,14_books,14,af5f097480712ca9,v2,9500,,,,,,,,
14_books-demo-000895,14_books,14,0430a70851107767,v2,107617,,,,,,,,
14_books-demo-000896,14_books,14,90380e8ede8db68c,v2,30000,,,,,,,,
14_books-demo-000897,14_books,14,2501cbd41616bc33,v2,32000,,,,,,,,
14_books-demo-000898,14_books,14,96186573a7f6e06f,v2,68000,,,,,,,,
14_books-demo-000899,14_books,14,346273c3a40287df,v2,63000,,,,,,,,
14_books-demo-000900,14_books,14,184ac61def3160c3,v2,9000,,,,,,,,
14_books-demo-000901,14_books,14,c2d8be7045b8dbee,v2,11000,,,,,,,,
14_books-demo-000902,14_books,14,eac26f97149cb405,v2,4000,,,,,,,,
14_books-demo-000903,14_books,14,3e46c825298f0189,v2,6000,,,,,,,,
14_books-demo-000904,14_books,14,404ea591d2bd4d4b,v2,100000,,,,,,,,
14_books-demo-000905,14_books,14,90380e8ede8db68c,v2,30000,,,,,,,,
14_books-demo-000906,14_books,14,404ea591d2bd4d4b,v2,23000,,,,,,,,
14_books-demo-000907,14_books,14,a84981e4c63937fc,v2,10000,,,,,,,,
14_books-demo-000908,14_books,14,bc0016f28aceca72,v2,35000,,,,,,,,
14_books-demo-000909,14_books,14,db647b01822424e1,v2,15000,,,,,,,,
14_books-demo-000910,14_books,14,18272ce68456797e,v2,12000,,,,,,,,
14_books-demo-000911,14_books,14,636ec353946ea0bb,v2,17000,,,,,,,,
14_books-demo-000912,14_books,14,af944b1a92866adf,v2,15000,,,,,,,,
14_books-demo-000913,14_books,14,0dbc07a12dd15887,v2,7000,,,,,,,,
14_books-demo-000914,14_books,14,0430a70851107767,v2,48162,,,,,,,,
14_books-demo-000915,14_books,14,6b23f3a2653b26aa,v2,8240,,,,,,,,
14_books-demo-000916,14_books,14,a811035b212a6b83,v2,18000,,,,,,,,
14_books-demo-000917,14_books,14,efa379274661eb90,v2,9000,,,,,,,,
14_books-demo-000918,14_books,14,98d3a74a5524a30d,v2,16799,,,,,,,,
14_books-demo-000919,14_books,14,6306dc70ec9020dd,v2,127730,,,,,,,,
14_books-demo-000920,14_books,14,c422f44d10f6aec5,v2,12000,,,,,,,,
14_books-demo-000921,14_books,14,0dbc07a12dd15887,v2,28000,,,,,,,,
14_books-demo-000922,14_books,14,269c399edea3a858,v2,16000,,,,,,,,
14_books-demo-000923,14_books,14,4e9f99d2d84725b1,v2,20000,,,,,,,,
14_books-demo-000924,14_books,14,0430a70851107767,v2,54526,,,,,,,,
14_books-demo-000925,14_books,14,37cc54a72e04a266,v2,15000,,,,,,,,
14_books-demo-000926,14_books,14,6534f33763e38fa9,v2,400000,,,,,,,,
14_books-demo-000927,14_books,14,af4dc1f614c3e211,v2,12000,,,,,,,,
14_books-demo-000928,14_books,14,83687b0088e541ad,v2,70000,,,,,,,,
14_books-demo-000929,14_books,14,6534f33763e38fa9,v2,400000,,,,,,,,
14_books-demo-000930,14_books,14,b2617cb5bd86622d,v2,10000,,,,,,,,
14_books-demo-000931,14_books,14,b5fd4e875473c823,v2,39000,,,,,,,,
14_books-demo-000932,14_books,14,a2f634382f241823,v2,10000,,,,,,,,
14_books-demo-000933,14_books,14,c2728004fe339ba8,v2,12000,,,,,,,,
14_books-demo-000934,14_books,14,68d6c5461492eb5b,v2,24000,,,,,,,,
14_books-demo-000935,14_books,14,1dd07ddc0e3902bd,v2,10999,,,,,,,,
14_books-demo-000936,14_books,14,b2617cb5bd86622d,v2,10000,,,,,,,,
14_books-demo-000937,14_books,14,e30c9387eef8f066,v2,42000,,,,,,,,
14_books-demo-000938,14_books,14,1ea7399b701c0693,v2,180000,,,,,,,,
14_books-demo-000939,14_books,14,f354ede268bbb876,v2,13000,,,,,,,,
14_books-demo-000940,14_books,14,24715220770399e5,v2,3000,,,,,,,,
14_books-demo-000941,14_books,14,1dd07ddc0e3902bd,v2,9116,,,,,,,,
14_books-demo-000942,14_books,14,778462686610199d,v2,12800,,,,,,,,
14_books-demo-000943,14_books,14,eb666161e0e46d03,v2,150000,,,,,,,,
14_books-demo-000944,14_books,14,0430a70851107767,v2,31826,,,,,,,,
14_books-demo-000945,14_books,14,83687b0088e541ad,v2,70000,,,,,,,,
14_books-demo-000946,14_books,14,7834f6a4c9ffe180,v2,330000,,,,,,,,
14_books-demo-000947,14_books,14,d5f90dcc8b3f9187,v2,80000,,,,,,,,
14_books-demo-000948,14_books,14,1dd07ddc0e3902bd,v2,5000,,,,,,,,
14_books-demo-000949,14_books,14,0430a70851107767,v2,135236,,,,,,,,
14_books-demo-000950,14_books,14,4689da208bbaa0d8,v2,50000,,,,,,,,
14_books-demo-000951,14_books,14,5e6915f7833060a8,v2,20000,,,,,,,,
14_books-demo-000952,14_books,14,f3f253185d7faeac,v2,8700,,,,,,,,
14_books-demo-000953,14_books,14,0430a70851107767,v2,146603,,,,,,,,
14_books-demo-000954,14_books,14,a811035b212a6b83,v2,18000,,,,,,,,
14_books-demo-000955,14_books,14,37cc54a72e04a266,v2,15000,,,,,,,,
14_books-demo-000956,14_books,14,1ea7399b701c0693,v2,180000,,,,,,,,
14_books-demo-000957,14_books,14,6b23f3a2653b26aa,v2,14759,,,,,,,,
14_books-demo-000958,14_books,14,3f23eae763a32570,v2,15000,,,,,,,,
14_books-demo-000959,14_books,14,a2f8326f6d0c44db,v2,5000,,,,,,,,
14_books-demo-000960,14_books,14,98d3a74a5524a30d,v2,11929,,,,,,,,
14_books-demo-000961,14_books,14,6b23f3a2653b26aa,v2,18692,,,,,,,,
14_books-demo-000962,14_books,14,0430a70851107767,v2,53176,,,,,,,,
14_books-demo-000963,14_books,14,a811035b212a6b83,v2,18000,,,,,,,,
14_books-demo-000964,14_books,14,6534f33763e38fa9,v2,400000,,,,,,,,
14_books-demo-000965,14_books,14,6306dc70ec9020dd,v2,80846,,,,,,,,
14_books-demo-000966,14_books,14,0430a70851107767,v2,22429,,,,,,,,
14_books-demo-000967,14_books,14,f3e31988ba846566,v2,23000,,,,,,,,
14_books-demo-000968,14_books,14,1dd07ddc0e3902bd,v2,10287,,,,,,,,
14_books-demo-000969,14_books,14,0430a70851107767,v2,91356,,,,,,,,
14_books-demo-000970,14_books,14,db647b01822424e1,v2,15000,,,,,,,,
14_books-demo-000971,14_books,14,0430a70851107767,v2,151985,,,,,,,,
14_books-demo-000972,14_books,14,742745782b311d27,v2,4000,,,,,,,,
14_books-demo-000973,14_books,14,404ea591d2bd4d4b,v2,100000,,,,,,,,
14_books-demo-000974,14_books,14,6534f33763e38fa9,v2,400000,,,,,,,,
14_books-demo-000975,14_books,14,e30c9387eef8f066,v2,42000,,,,,,,,
14_books-demo-000976,14_books,14,fa5093198fdc93e3,v2,3000,,,,,,,,
14_books-demo-000977,14_books,14,a94cdd377d03a158,v2,90000,,,,,,,,
14_books-demo-000978,14_books,14,1dd07ddc0e3902bd,v2,13043,,,,,,,,
14_books-demo-000979,14_books,14,68d6c5461492eb5b,v2,24000,,,,,,,,
14_books-demo-000980,14_books,14,6b23f3a2653b26aa,v2,7000,,,,,,,,
14_books-demo-000981,14_books,14,d5f90dcc8b3f9187,v2,80000,,,,,,,,
14_books-demo-000982,14_books,14,ba2405b5037f6341,v2,20000,,,,,,,,
14_books-demo-000983,14_books,14,bd2a694fe464b0a5,v2,21300,,,,,,,,
14_books-demo-000984,14_books,14,a84981e4c63937fc,v2,10000,,,,,,,,
14_books-demo-000985,14_books,14,a811035b212a6b83,v2,18000,,,,,,,,
14_books-demo-000986,14_books,14,a2f634382f241823,v2,10000,,,,,,,,
14_books-demo-000987,14_books,14,6de1e959aa505bae,v2,25000,,,,,,,,
14_books-demo-000988,14_books,14,c2728004fe339ba8,v2,12000,,,,,,,,
14_books-demo-000989,14_books,14,0f1805b152418079,v2,12500,,,,,,,,
14_books-demo-000990,14_books,14,770646261b3277a4,v2,14000,,,,,,,,
14_books-demo-000991,14_books,14,1ea7399b701c0693,v2,180000,,,,,,,,
14_books-demo-000992,14_books,14,4e9f99d2d84725b1,v2,20000,,,,,,,,
14_books-demo-000993,14_books,14,0430a70851107767,v2,67758,,,,,,,,
14_books-demo-000994,14_books,14,184ac61def3160c3,v2,9000,,,,,,,,
14_books-demo-000995,14_books,14,3f23eae763a32570,v2,15000,,,,,,,,
14_books-demo-000996,14_books,14,f6324cf7629becc9,v2,10000,,,,,,,,
14_books-demo-000997,14_books,14,3d30d3c7aad97619,v2,58000,,,,,,,,
14_books-demo-000998,14_books,14,4e9f99d2d84725b1,v2,20000,,,,,,,,
14_books-demo-000999,14_books,14,703460d625c6c2c9,v2,12000,,,,,,,,
